quantidade_saidas,dias_uteis,temperatura_media,valor_conta_luz,gastos_mensais
6,20,33.4,156.99,573.41
7,21,25.5,158.47,515.14
6,20,29.6,179.62,489.51
7,23,25.5,163.24,517.37
7,21,23.9,176.8,434.65
6,21,30.7,108.39,439.61
11,21,26.9,202.58,755.74
4,22,30.9,188.92,448.36
8,20,29.3,134.12,502.11
6,23,28.2,126.38,546.61
6,22,28.7,172.39,442.92
12,22,30.3,103.15,804.93
2,21,29.8,127.94,312.68
8,22,25.8,119.17,555.1
12,20,28.3,147.1,833.56
5,22,31.5,136.68,484.64
7,22,27.1,126.44,581.45
8,21,25.5,123.49,390.63
6,21,25.1,130.83,472.92
11,22,29.5,114.3,756.2
6,21,26.3,166.28,492.55
8,23,28.1,183.78,668.75
9,23,26.1,162.05,626.94
11,23,30.5,191.48,856.35
5,22,27.5,124.78,503.4
9,20,31.3,127.54,520.99
8,20,31.2,163.27,651.86
9,21,26.7,167.17,614.65
8,20,31.0,150.46,547.39
12,20,26.0,149.26,668.74
15,22,27.8,118.02,931.39
9,21,24.7,70.18,601.88
5,20,28.8,166.73,401.74
7,23,27.9,179.45,615.94
9,21,28.5,136.92,614.43
6,21,22.9,133.44,323.77
9,21,21.0,130.24,525.54
5,23,23.6,138.74,373.78
2,20,28.5,180.19,228.45
8,23,29.0,121.96,576.25
8,21,30.4,169.36,593.45
6,21,25.8,135.07,486.25
9,22,27.6,90.18,589.58
3,22,24.9,139.7,230.49
5,22,31.1,199.18,570.7
13,22,24.9,129.44,811.53
12,21,30.5,142.88,803.71
10,23,26.2,150.24,736.33
7,22,31.7,155.92,580.91
6,23,27.5,196.27,515.68
5,22,27.5,126.21,433.13
9,20,24.7,150.32,598.78
6,22,33.5,172.76,582.29
4,23,30.0,128.58,453.14
8,22,28.5,152.19,602.14
9,20,27.7,179.46,570.98
10,23,25.0,134.41,636.24
8,23,29.0,144.8,684.67
13,23,26.8,115.45,822.0
6,21,27.2,178.41,428.08
15,23,29.7,154.76,919.44
8,21,27.9,137.24,491.38
10,20,27.1,140.75,674.34
5,23,31.3,149.73,508.34
12,23,24.5,160.03,875.69
9,23,22.0,130.42,613.5
4,20,24.6,132.78,334.16
7,21,27.5,142.1,607.73
4,22,29.1,154.53,356.02
7,20,24.8,198.18,431.21
7,20,38.1,125.92,609.0
7,20,27.5,100.41,443.59
8,21,27.5,192.0,613.03
4,21,23.1,123.66,361.48
8,21,22.7,194.03,590.02
8,21,21.7,187.31,612.18
6,21,31.1,166.33,468.8
6,23,30.6,186.46,610.41
11,22,27.0,95.05,647.37
7,22,23.4,109.43,544.54
6,21,26.2,158.52,480.9
6,21,31.3,138.4,518.7
12,23,25.5,126.45,736.93
7,21,24.3,174.24,475.76
11,23,25.9,157.73,765.01
11,23,26.1,181.48,853.81
8,20,29.2,138.84,632.34
7,20,20.4,149.51,441.31
9,21,27.5,196.19,630.97
9,23,24.9,111.5,626.94
10,21,25.4,147.41,704.59
13,20,29.3,123.77,802.24
5,20,23.1,200.86,372.27
9,20,27.5,222.17,687.09
8,20,28.4,156.3,547.49
7,20,28.7,164.78,501.46
6,21,29.1,146.89,475.91
5,21,28.7,145.73,457.07
9,20,29.2,152.51,602.46
6,21,24.4,109.53,399.34
4,20,31.1,169.81,403.99
7,20,23.4,120.44,411.72
6,20,28.1,139.38,520.1
3,21,25.0,151.0,382.52
10,21,21.8,127.14,575.03
11,23,25.3,167.93,707.36
8,21,26.6,135.74,521.84
4,21,31.2,181.97,449.47
5,22,32.5,123.86,459.38
11,20,26.6,144.99,618.17
6,20,22.8,117.84,364.81
9,21,23.1,179.47,614.75
7,21,29.3,140.67,574.93
9,23,29.1,133.29,745.72
7,22,25.2,144.3,484.82
12,20,23.5,146.71,670.97
11,20,30.0,162.16,716.97
7,21,23.3,166.17,438.82
5,21,25.7,145.45,358.02
7,22,28.4,148.83,508.55
10,20,21.0,56.79,521.75
10,22,29.9,136.44,656.11
3,20,34.1,192.92,436.98
11,21,27.3,163.46,781.64
9,22,26.9,117.81,546.91
9,23,27.1,138.37,576.78
9,21,27.7,132.1,575.63
10,23,24.8,182.1,683.72
6,23,23.6,179.06,552.82
10,23,25.9,126.57,668.15
14,20,27.5,150.3,865.83
8,23,24.0,115.99,563.73
11,20,23.0,131.2,590.53
7,22,25.7,132.31,490.1
5,21,23.0,128.93,352.5
7,20,29.0,160.99,537.82
9,20,16.7,190.47,447.42
8,22,23.5,148.19,513.78
10,22,31.2,118.35,697.66
9,21,26.3,156.24,586.36
9,22,27.6,156.28,570.44
5,20,26.6,144.34,345.48
5,21,25.1,205.77,366.18
8,21,30.3,157.32,667.76
8,21,25.3,167.21,540.63
3,23,24.5,82.73,268.06
4,23,29.0,121.11,347.65
8,20,21.2,165.42,505.95
9,23,26.1,158.51,683.0
8,22,25.4,138.65,509.54
8,21,26.1,163.61,517.07
9,20,25.5,177.82,572.82
7,22,28.1,135.82,459.9
11,21,30.3,131.31,747.05
10,22,28.4,142.32,725.59
10,23,26.0,164.94,630.22
9,22,28.9,132.82,679.25
6,23,29.2,175.59,587.01
5,22,28.1,135.54,287.22
9,20,30.1,133.21,552.84
6,23,20.0,220.39,455.56
5,23,27.1,112.96,449.59
8,21,27.9,173.45,609.9
9,23,22.6,95.81,515.96
12,21,27.7,169.75,863.65
8,23,29.7,230.75,657.05
14,23,26.3,181.71,876.89
3,23,29.0,190.14,343.77
6,23,30.1,147.12,519.45
8,21,31.0,178.27,668.1
10,20,30.5,157.46,635.77
4,22,31.1,210.78,480.01
6,23,25.5,116.8,468.62
9,23,25.8,185.62,665.22
7,20,19.6,162.83,442.17
11,21,23.8,122.62,701.44
11,22,30.7,141.77,773.62
8,20,25.2,101.97,535.77
10,20,28.2,52.06,518.57
8,20,27.7,114.01,496.32
5,20,30.7,138.36,362.97
5,23,20.9,152.44,418.73
12,22,28.1,110.71,820.24
7,23,28.0,140.5,537.01
13,20,24.4,157.09,784.02
6,22,29.9,132.71,420.25
7,20,22.8,117.57,423.17
12,21,30.2,128.06,690.73
8,20,20.5,190.1,510.44
12,20,24.3,98.2,575.24
3,21,26.6,184.63,418.23
9,23,27.7,190.96,686.77
6,22,21.4,139.31,410.92
6,20,30.1,163.8,577.75
8,20,29.3,126.57,547.17
8,21,32.7,158.03,543.05
6,22,29.1,216.79,532.96
5,21,24.8,188.13,515.67
9,20,23.8,134.89,501.01
11,23,25.7,110.42,683.69
7,23,33.5,141.19,685.71
9,22,27.1,158.2,599.44
4,20,27.3,171.65,355.26
4,21,31.1,146.72,466.29
6,20,23.5,203.58,419.24
4,21,28.6,150.98,337.02
10,21,28.5,135.74,571.93
10,22,29.9,165.74,666.16
9,21,29.6,171.0,608.2
15,22,26.8,127.11,891.77
7,23,22.9,121.84,503.84
13,22,25.3,100.74,771.42
5,22,29.5,141.33,386.75
10,22,32.6,186.5,832.86
7,23,23.3,169.98,474.2
11,22,23.1,183.72,808.49
7,21,22.3,130.37,454.64
10,21,24.7,145.1,685.34
9,22,29.8,92.83,639.18
12,21,30.9,180.24,898.96
5,22,20.8,190.28,397.7
6,23,23.4,118.0,424.92
8,21,22.8,198.77,572.49
11,22,24.4,142.97,684.58
5,20,26.3,117.5,380.01
6,23,25.8,140.52,557.99
7,20,28.5,168.85,435.97
10,22,21.2,148.38,617.11
7,21,25.4,132.66,590.54
8,22,31.1,167.77,615.69
9,21,31.2,170.53,719.25
7,22,32.0,144.78,619.3
7,22,28.2,139.3,461.34
8,21,25.0,133.63,542.09
11,21,27.5,164.36,737.72
12,22,34.6,101.87,976.45
8,20,25.4,127.12,374.48
11,23,32.5,145.14,720.07
5,20,19.7,126.35,286.54
10,20,28.7,157.62,645.37
9,20,28.9,154.9,569.16
9,20,28.1,224.42,619.76
7,21,28.3,127.16,539.12
9,20,28.6,149.67,563.42
12,23,28.7,121.29,767.08
7,21,26.0,208.19,596.48
10,20,26.2,201.04,714.85
7,21,22.9,102.96,407.67
4,20,29.2,145.07,284.75
9,20,30.9,151.08,673.9
4,23,32.2,139.79,397.17
7,21,24.5,135.48,538.35
15,21,21.8,173.13,897.75
10,22,28.1,203.64,724.53
5,20,23.5,174.21,396.62
7,20,28.7,175.92,430.29
3,23,20.4,139.36,349.34
3,23,30.3,180.52,396.57
8,21,27.5,180.42,597.28
9,23,21.2,135.76,552.15
8,21,27.9,143.01,554.99
4,20,27.3,102.74,384.94
6,20,28.6,109.42,409.72
7,21,29.4,136.99,502.77
7,23,19.8,117.91,486.0
4,23,25.6,174.13,420.69
5,21,26.7,145.23,481.2
13,20,26.1,165.98,693.11
11,21,25.9,113.38,647.15
4,23,30.2,188.96,391.56
8,21,21.8,164.69,581.38
6,20,26.1,162.13,376.35
4,22,26.4,178.41,412.85
5,21,26.7,159.56,349.02
12,22,24.1,119.6,701.39
9,21,33.4,168.81,639.53
7,23,29.9,126.38,560.12
11,23,33.6,156.33,922.81
10,22,28.9,126.82,609.39
11,21,29.3,199.87,715.88
13,23,27.0,170.09,895.79
9,22,31.7,180.22,693.43
7,22,28.7,127.22,465.11
5,21,26.4,158.97,387.9
8,23,32.5,155.71,584.28
9,22,23.1,153.31,569.05
6,20,24.8,91.88,322.95
7,20,35.4,208.93,637.01
7,23,29.0,148.85,601.35
10,23,19.1,165.05,500.35
10,20,30.1,110.56,644.37
6,22,23.9,193.91,369.28
4,21,25.3,191.38,376.19
4,22,34.7,175.63,556.61
4,23,32.0,158.19,438.8
9,23,33.0,220.07,778.79
7,21,25.2,179.49,552.24
11,22,26.1,109.02,727.15
8,21,27.7,156.73,613.67
12,22,29.6,167.51,841.82
10,22,26.0,153.15,634.58
4,20,32.6,167.19,442.33
3,22,28.5,193.24,453.82
5,23,31.5,144.34,514.45
10,23,24.7,138.6,676.99
5,23,25.7,117.43,327.64
4,20,27.7,94.02,249.43
10,21,25.6,140.63,602.79
6,23,30.1,129.68,460.24
10,23,30.2,143.8,718.85
11,21,26.3,132.44,642.35
5,20,29.0,117.77,427.27
8,22,33.1,133.49,608.11
6,21,30.1,165.39,447.87
9,22,29.0,133.94,590.58
11,22,30.9,144.34,767.75
13,22,32.0,212.84,916.59
4,21,31.6,182.26,433.43
8,21,26.8,156.84,550.98
5,22,29.7,157.83,549.23
11,20,26.1,128.69,706.84
8,20,26.8,137.4,485.28
3,20,28.4,141.68,200.44
10,23,22.7,153.15,641.07
12,22,28.1,148.68,733.15
7,23,24.9,116.15,415.75
8,20,23.4,167.88,550.64
2,21,29.4,132.8,269.57
6,20,26.2,207.67,534.44
2,23,27.7,187.49,332.89
11,23,26.3,100.15,692.1
11,20,25.2,142.4,601.7
8,22,27.4,198.25,590.83
14,21,22.9,169.88,745.32
13,21,26.7,152.67,861.2
2,20,32.9,80.24,177.77
12,22,23.4,143.47,749.83
7,22,31.3,156.31,565.5
9,20,33.3,88.32,622.69
6,21,24.6,168.4,452.88
8,21,28.0,128.94,486.85
9,21,23.1,159.04,561.6
7,22,22.7,153.95,553.02
8,20,27.5,142.34,497.73
6,22,28.2,173.75,569.15
7,21,25.3,158.44,532.82
10,22,23.6,231.48,718.22
9,21,24.6,203.34,592.19
9,20,29.7,119.63,606.06
2,21,29.7,185.6,289.91
6,23,28.9,127.9,556.83
9,23,25.8,114.77,545.88
4,20,23.8,105.72,287.71
13,22,30.9,139.26,862.22
8,22,31.9,180.18,669.8
11,22,25.4,154.75,753.94
6,21,26.5,165.25,423.02
8,23,22.6,53.19,434.08
7,20,28.6,143.13,511.29
11,22,33.2,118.43,815.25
8,22,29.8,102.6,557.93
11,20,33.6,113.88,799.36
2,21,25.8,152.13,234.99
5,22,23.1,169.73,370.98
5,21,31.5,122.69,455.99
6,21,27.5,167.67,451.98
12,21,24.3,174.49,726.12
5,22,32.6,159.89,507.08
7,22,25.2,124.25,537.81
7,20,23.6,135.08,459.59
13,20,28.8,159.83,821.33
9,21,23.1,128.53,649.95
8,22,30.1,169.4,661.01
8,21,23.5,116.76,481.91
4,20,27.8,161.43,411.82
10,21,28.0,177.21,679.29
13,23,27.8,155.74,892.72
6,21,23.1,120.29,424.6
9,22,26.4,101.09,585.17
9,21,31.1,116.78,588.43
9,21,26.4,164.62,614.26
3,22,23.5,143.82,266.83
8,23,25.7,131.98,585.4
9,22,23.2,161.93,622.92
7,20,20.5,90.42,278.35
6,23,26.5,142.14,505.3
4,23,27.3,116.8,522.7
16,22,29.1,109.48,952.72
11,21,28.4,134.56,761.12
9,20,28.8,224.17,704.87
7,20,26.9,168.96,421.82
13,23,33.4,116.08,911.58
4,20,24.5,186.33,301.79
10,23,26.0,110.8,649.25
8,23,32.0,195.52,613.21
8,20,25.8,123.55,529.26
5,23,26.7,153.29,432.27
9,21,28.2,212.57,739.45
5,23,30.5,139.49,408.64
6,21,27.4,205.13,553.8
8,21,24.3,147.84,552.82
5,21,25.8,147.39,352.69
13,20,28.6,123.42,707.65
11,21,26.1,192.37,720.55
9,20,25.6,135.13,575.92
6,22,24.2,207.15,444.49
9,21,30.6,131.17,583.29
9,23,26.6,136.34,684.95
3,22,26.7,180.12,311.56
7,22,29.0,146.75,576.79
8,21,22.9,158.65,586.99
8,20,27.1,110.73,469.63
7,22,31.5,153.31,515.33
6,21,26.8,161.13,510.59
5,22,27.7,201.73,463.03
10,22,27.6,135.65,652.49
5,21,30.2,160.12,521.37
8,23,27.6,186.31,621.69
8,23,34.4,151.28,688.96
8,23,27.7,182.59,552.43
6,22,25.7,224.95,523.07
8,20,31.5,150.89,542.0
7,20,26.4,189.71,490.1
10,22,25.2,165.45,646.08
7,22,23.4,175.72,580.0
8,21,28.4,171.15,558.13
9,20,25.6,181.99,575.13
8,22,24.7,180.01,657.41
6,23,25.3,147.89,463.5
9,20,25.9,133.32,534.73
7,22,29.5,162.76,620.19
8,21,28.5,106.41,540.43
11,21,26.6,168.56,724.9
7,20,28.7,172.38,539.67
9,23,26.7,144.63,709.5
8,20,27.6,151.33,495.56
6,22,25.0,177.36,539.1
6,23,25.0,172.41,423.51
14,22,27.5,177.8,866.01
12,23,27.5,173.31,778.42
5,23,30.0,153.19,475.83
12,22,28.5,149.55,757.11
8,20,25.5,162.67,598.93
7,21,23.2,193.6,532.49
4,23,29.6,157.93,432.09
5,23,28.0,189.15,447.36
5,21,29.9,89.02,460.36
4,20,28.4,159.65,366.4
7,21,32.4,152.48,553.59
9,20,26.4,100.03,536.73
7,23,27.1,104.54,503.78
6,23,29.4,163.84,577.09
7,22,29.6,153.21,614.98
4,20,28.0,173.71,322.49
9,21,22.2,72.1,467.33
10,20,21.7,182.08,582.51
11,20,25.8,182.3,720.26
11,20,27.1,108.5,707.36
8,20,21.4,192.24,449.1
10,21,26.9,203.71,649.76
9,22,29.0,109.99,600.35
8,23,26.8,153.23,627.5
3,21,27.9,155.95,276.56
5,21,28.8,96.07,365.19
7,23,22.2,140.1,457.97
7,22,29.0,192.12,621.15
8,21,24.8,124.2,511.88
5,23,26.3,204.86,450.31
7,22,25.0,161.06,460.2
7,22,30.2,126.26,523.42
7,20,23.5,151.35,442.71
7,21,31.1,106.1,558.68
10,22,34.2,162.85,812.94
7,21,22.3,144.23,399.7
9,23,25.2,137.21,671.42
7,21,28.8,106.62,529.3
5,22,24.0,147.57,371.7
8,23,26.2,156.15,634.66
12,23,27.5,108.89,732.78
4,20,24.9,182.43,364.84
9,23,27.2,158.34,780.39
7,22,29.8,124.55,549.63
9,20,26.8,147.14,568.27
10,22,23.9,175.11,603.24
6,22,30.5,191.09,551.92
11,20,31.2,197.61,819.65
6,20,28.1,204.01,458.79
9,21,24.1,110.09,575.66
9,22,24.4,128.7,573.46
7,21,19.9,107.96,385.4
7,23,25.2,182.73,582.88
8,23,30.2,144.81,533.16
12,21,24.9,187.88,760.22
7,20,24.1,107.48,476.66
4,23,30.1,129.32,404.91
7,20,30.5,126.05,505.73
7,21,25.4,187.15,517.0
7,20,28.5,171.02,617.73
5,22,24.4,89.13,374.51
7,23,26.0,136.02,464.73
6,20,21.5,178.78,365.13
7,20,28.1,183.41,532.23
7,22,26.7,162.41,599.73
11,20,25.0,155.42,707.24
10,21,26.7,122.08,684.52
8,21,26.4,182.11,522.74
11,21,24.5,114.09,688.0
7,23,28.2,101.66,486.39
11,20,26.1,156.23,680.04
4,23,26.6,136.7,427.84
6,23,22.6,171.71,445.11
8,20,26.6,164.54,475.85
12,20,26.5,201.23,757.2
6,21,24.5,162.14,450.99
6,23,28.6,181.79,575.53
8,23,20.7,124.46,471.88
10,20,25.6,171.35,614.91
9,23,27.9,141.7,663.42
13,22,33.3,135.18,908.39
8,20,22.9,122.92,487.51
11,21,27.3,196.27,742.35
10,22,28.6,149.79,659.3
11,22,27.2,126.35,757.34
13,21,23.3,170.34,849.98
6,22,25.5,136.8,425.71
12,22,19.7,126.05,663.87
7,22,27.0,237.07,633.95
9,23,22.8,113.74,586.88
5,22,28.4,205.95,517.53
8,22,25.0,125.69,554.5
10,20,24.8,168.78,651.58
9,21,27.5,146.95,592.2
2,23,27.8,172.09,225.58
8,23,29.6,108.54,602.64
7,21,26.2,104.88,500.56
4,23,26.7,173.01,429.52
8,23,22.8,96.59,478.39
13,23,31.3,114.94,836.46
5,20,24.2,147.31,482.67
4,20,29.2,111.18,348.27
9,23,29.2,115.0,526.58
4,21,28.2,137.67,333.42
6,21,26.3,84.46,389.6
8,20,25.9,107.97,433.58
11,20,26.8,190.2,713.75
8,22,21.3,178.71,521.2
4,20,26.9,217.95,403.37
6,23,31.5,167.84,544.61
9,20,26.3,189.05,579.46
9,22,26.9,137.35,601.96
6,22,23.9,144.39,487.14
10,21,27.6,162.39,678.68
6,21,24.7,93.19,380.45
4,23,29.5,166.37,456.16
4,20,30.4,131.29,359.19
8,22,31.1,136.32,554.51
9,22,22.7,179.92,644.96
10,21,29.2,103.44,613.21
13,21,28.9,151.65,813.61
11,20,25.8,163.44,612.62
8,22,30.6,134.09,644.15
11,21,28.2,151.12,729.56
1,20,31.1,152.56,247.49
14,20,23.2,176.92,864.2
10,20,24.9,144.53,655.32
9,21,27.3,112.43,547.54
10,21,30.5,132.66,681.91
6,21,28.4,139.54,460.98
12,23,24.2,125.97,743.3
6,23,32.3,155.68,517.61
11,23,26.1,154.25,815.81
7,21,24.3,152.7,535.37
7,21,24.7,123.07,487.38
7,23,23.0,153.89,580.99
3,22,20.3,188.65,317.22
5,22,26.7,158.84,418.42
7,22,22.3,182.17,488.02
14,22,27.9,153.27,911.31
9,23,30.0,130.88,595.33
4,20,28.1,175.81,415.28
12,20,27.1,107.78,626.12
9,22,22.4,133.25,625.49
5,21,29.5,145.76,456.83
5,22,32.8,169.58,601.6
7,22,31.2,188.24,611.84
13,20,23.0,175.39,803.2
10,21,26.8,172.38,710.42
10,20,26.2,175.94,607.99
5,21,25.8,180.12,368.79
7,23,27.1,115.87,476.82
5,20,33.5,216.14,506.23
11,23,27.3,183.29,779.49
7,23,25.7,144.57,534.03
9,22,27.9,161.14,672.56
7,21,23.1,110.6,401.94
8,20,24.9,142.2,554.23
6,22,30.0,139.74,522.9
2,20,27.6,137.27,314.5
6,23,33.3,174.43,604.14
6,20,27.8,153.13,447.06
12,20,23.3,114.17,781.33
5,22,22.2,114.73,350.04
5,21,30.0,91.06,407.37
6,20,23.9,176.39,451.59
6,23,23.6,143.26,507.23
9,23,25.5,172.64,656.94
12,22,30.0,244.2,1023.6
10,23,25.9,123.03,638.73
5,20,24.5,159.81,447.08
10,21,30.6,193.3,657.9
12,20,30.1,135.33,710.3
4,22,32.0,139.82,344.06
8,23,31.1,165.91,607.01
8,20,30.2,226.29,551.0
7,20,24.7,169.09,488.14
6,23,29.0,124.72,454.9
6,21,30.6,128.34,554.85
8,21,32.6,135.35,629.09
9,21,27.5,95.41,574.8
11,23,25.5,145.22,744.7
11,20,24.3,150.22,695.96
6,22,29.9,151.38,570.12
8,20,25.0,106.5,460.34
10,23,27.3,160.36,677.42
6,23,24.4,120.48,470.72
7,20,26.5,142.83,557.95
6,23,28.3,127.72,427.25
8,20,27.8,184.64,595.75
8,20,29.2,129.44,610.24
13,21,22.9,190.37,831.85
5,23,26.7,154.09,466.38
9,23,25.6,162.6,672.99
8,21,24.1,152.5,622.7
11,21,24.8,124.43,706.81
7,21,24.3,162.18,415.37
8,22,28.0,137.1,575.95
4,23,28.2,159.53,424.0
7,20,29.6,168.12,582.06
8,20,28.0,207.21,599.78
12,20,27.5,164.13,756.87
8,23,27.2,178.7,627.46
7,22,29.0,169.82,578.12
9,23,20.7,143.25,576.72
9,23,26.8,170.37,643.57
10,23,28.0,146.27,699.15
4,23,32.4,137.61,459.04
5,23,23.7,117.3,421.53
10,22,23.6,169.58,798.08
13,21,20.2,132.96,661.77
13,20,22.8,168.85,792.72
7,23,26.5,150.14,619.36
8,23,24.8,141.47,532.78
6,23,24.8,124.09,491.15
10,20,27.1,189.02,653.66
8,22,28.7,138.22,562.23
5,20,27.0,197.6,391.8
10,22,27.1,125.45,656.63
13,21,28.2,195.23,851.88
3,23,21.5,152.52,334.7
10,22,27.4,175.82,632.32
1,20,26.8,110.98,199.04
5,22,27.0,110.84,439.85
10,22,25.2,157.74,684.12
13,21,26.4,119.58,893.89
11,23,28.2,189.87,855.65
6,23,31.8,160.92,531.96
9,20,21.9,130.67,464.32
11,20,28.7,122.4,650.68
8,21,30.7,141.34,560.56
6,22,23.2,132.97,336.85
4,22,26.5,164.86,411.22
10,20,27.8,147.7,580.74
13,23,33.0,185.05,949.96
6,22,33.5,168.97,607.27
6,21,23.2,123.99,471.05
8,20,26.1,137.23,508.15
8,22,27.6,124.06,529.42
10,23,28.7,124.09,762.79
7,23,27.6,96.14,588.26
8,21,24.2,178.24,588.28
8,21,24.0,188.77,526.65
13,20,22.4,120.37,654.21
8,20,20.9,117.35,509.08
6,23,22.3,166.83,463.46
9,23,30.5,125.42,727.17
6,22,29.1,188.22,498.63
7,22,28.7,128.5,584.83
6,22,26.3,85.85,492.37
12,21,26.9,146.09,743.53
4,21,26.2,132.23,353.15
7,22,22.2,154.42,427.87
6,23,28.9,139.53,454.26
10,20,29.6,167.3,695.28
3,21,23.5,162.69,258.64
7,21,23.5,159.77,495.32
6,22,28.1,155.72,503.32
7,20,28.0,149.98,532.9
5,21,29.2,108.08,424.93
10,20,31.2,161.68,737.78
8,21,23.8,171.96,557.18
6,20,26.8,160.47,461.28
7,20,24.0,143.95,455.04
6,21,24.2,167.71,498.8
14,20,25.7,157.1,924.81
9,23,31.3,171.3,747.74
7,21,30.3,147.37,565.92
8,21,26.8,107.18,512.63
8,23,20.5,144.64,543.18
12,20,28.2,121.54,709.27
10,23,28.1,136.09,669.17
11,21,24.2,152.6,674.26
9,23,29.5,179.7,788.16
5,20,24.1,169.98,373.16
6,23,29.5,156.26,611.01
8,21,27.7,187.44,548.58
6,20,22.6,151.42,404.29
10,21,25.9,156.07,690.05
10,21,27.4,138.63,693.85
7,22,27.9,117.92,459.19
8,21,30.1,166.71,543.57
12,21,30.5,102.96,788.07
8,20,26.3,122.06,482.83
8,20,28.7,155.33,592.76
12,20,31.8,124.53,839.65
5,23,23.9,150.53,387.06
6,23,25.2,154.42,459.19
9,20,22.0,133.19,425.59
8,23,25.1,151.65,622.44
13,22,27.6,151.25,943.7
5,23,20.7,115.78,296.8
8,22,28.3,166.4,668.43
4,20,25.6,89.07,343.86
3,20,26.8,206.35,372.4
13,23,23.5,166.02,797.48
6,20,26.7,180.63,449.27
7,20,32.0,169.85,583.88
10,21,25.8,148.72,673.13
7,20,20.4,126.84,392.56
8,21,30.6,149.26,618.84
8,20,28.6,175.08,558.29
7,22,27.3,125.32,507.45
8,22,28.7,154.71,590.67
8,20,27.2,95.69,553.77
9,22,31.9,125.75,588.47
6,22,29.3,124.24,514.45
8,22,25.6,200.41,624.6
11,23,31.5,109.88,649.2
12,22,32.5,161.96,887.72
7,21,29.7,197.83,625.37
9,23,28.2,180.16,666.08
6,21,24.4,195.64,495.13
9,21,29.1,200.1,684.03
5,21,28.2,151.69,534.58
13,23,26.9,164.25,885.72
12,20,29.1,155.85,770.94
8,22,27.3,164.42,648.9
8,22,28.6,162.65,686.97
5,20,30.1,201.52,565.89
9,20,23.0,158.75,527.19
3,21,23.9,121.39,277.86
8,23,24.3,167.88,555.88
10,21,32.8,171.92,851.8
8,22,28.9,125.34,581.64
13,20,29.2,124.11,838.94
3,22,30.4,178.53,378.44
9,20,23.9,134.01,570.76
4,23,20.9,137.59,238.63
12,21,26.8,136.16,799.05
8,22,29.7,157.35,677.94
6,23,26.4,183.1,490.92
8,22,22.9,170.06,464.46
8,20,24.3,136.13,575.89
7,22,23.5,190.14,594.54
9,23,25.2,176.08,692.05
9,23,23.5,179.77,629.78
6,21,27.4,178.8,473.44
5,22,25.4,134.56,467.92
7,20,28.9,122.4,470.89
8,22,24.1,139.85,550.46
8,21,27.8,179.72,591.17
7,20,26.9,114.6,476.95
8,20,28.2,110.55,514.95
5,21,28.6,95.59,383.06
12,20,28.9,112.32,818.74
7,23,29.5,126.33,582.22
10,23,28.6,153.73,738.39
5,20,27.9,115.46,412.39
8,22,25.0,169.86,519.94
6,20,29.6,151.35,517.48
6,22,24.9,88.71,425.21
11,21,26.1,149.44,669.94
10,23,24.4,154.25,672.73
9,23,24.4,207.5,696.18
9,21,26.0,157.26,610.61
9,21,26.3,96.92,614.85
5,23,24.6,156.89,393.53
11,21,27.1,155.23,658.59
7,20,27.5,168.15,471.12
6,20,25.4,229.11,466.46
5,22,33.9,133.9,492.52
10,22,28.0,130.42,657.75
8,22,27.4,164.07,535.45
10,20,25.0,204.77,595.88
9,23,27.4,170.13,606.32
10,22,27.7,139.72,664.58
9,20,27.0,179.55,572.98
9,23,31.3,203.82,716.42
11,21,21.9,126.94,706.88
10,20,25.9,119.98,546.09
7,21,29.1,151.68,547.74
9,22,24.3,159.03,551.09
9,23,22.4,191.52,570.07
2,20,25.4,135.94,231.75
11,22,30.1,162.06,804.71
9,22,24.4,196.71,680.63
5,23,25.9,156.72,500.23
2,21,28.3,138.14,254.3
6,22,25.3,167.11,490.05
6,23,25.7,140.09,459.61
6,23,25.0,160.13,553.19
8,20,25.3,144.41,472.93
7,22,23.5,145.67,516.69
7,21,26.2,137.91,439.35
6,21,30.2,132.79,483.66
8,22,31.7,179.82,571.02
9,21,30.7,155.7,663.38
8,23,27.4,188.21,733.41
7,23,32.0,82.49,517.82
12,22,33.9,134.41,824.49
8,21,27.5,127.78,591.0
6,23,24.0,142.38,466.42
9,22,30.9,119.04,705.7
7,23,23.4,101.78,495.0
8,22,24.3,170.17,613.32
9,20,20.8,132.2,414.4
7,20,29.2,166.67,529.76
7,22,20.1,114.65,376.87
6,20,30.0,100.92,410.77
7,20,32.4,157.24,571.68
10,21,32.2,168.98,715.54
10,20,23.2,131.53,548.04
7,21,21.4,119.49,492.39
10,20,25.1,187.48,701.07
6,20,29.6,148.28,396.41
8,23,30.6,120.06,650.28
7,22,29.0,105.09,522.51
7,20,28.6,129.35,501.11
8,22,34.1,138.17,719.14
9,22,25.6,172.89,641.71
9,23,24.7,149.5,661.97
10,22,23.4,145.94,651.78
7,22,28.3,122.54,532.0
4,20,26.5,191.42,321.49
6,23,29.5,179.29,670.88
7,22,25.6,176.9,384.23
6,20,28.9,148.17,421.12
10,23,25.8,162.03,673.67
7,20,26.5,72.75,468.74
15,23,26.8,156.07,882.27
5,23,21.9,207.69,436.36
5,21,26.6,132.59,431.22
6,21,28.7,120.43,392.32
8,21,24.0,145.73,520.09
13,22,32.7,124.16,858.23
8,20,27.0,122.28,488.07
6,23,25.1,157.95,489.39
13,20,25.0,174.73,768.79
5,22,31.1,158.22,526.07
7,21,24.5,115.61,484.21
6,21,27.9,129.92,443.66
6,20,29.6,159.63,477.49
7,20,28.7,169.72,502.95
8,23,25.3,143.76,644.97
6,20,29.5,123.2,466.35
9,23,27.5,173.23,666.26
7,23,21.8,204.37,563.83
6,21,30.7,183.71,618.11
6,20,25.2,209.53,434.95
6,21,26.5,131.36,484.05
5,23,27.9,180.94,504.75
7,21,25.4,188.65,514.16
4,21,29.3,135.39,334.53
12,23,23.7,125.23,790.03
6,22,25.3,121.17,454.24
10,22,30.7,147.27,786.78
4,20,27.1,104.83,363.02
8,21,23.8,200.68,583.87
2,20,27.2,111.49,175.45
6,21,28.2,162.65,584.89
9,20,22.2,82.11,457.14
6,20,32.0,211.36,580.24
10,23,32.4,187.48,695.08
6,22,27.4,102.19,523.88
8,22,26.4,159.15,479.62
3,22,27.1,142.75,309.21
5,23,29.7,154.65,427.4
11,22,28.4,169.06,828.6
9,23,27.7,125.98,600.85
7,21,31.1,148.39,576.62
8,23,30.4,95.71,603.85
4,20,24.1,152.5,240.95
12,20,29.7,88.23,768.65
11,21,30.5,189.17,775.09
6,21,27.8,106.06,508.57
9,20,28.8,158.83,645.71
14,22,26.1,174.86,852.66
8,22,23.4,205.92,578.55
8,22,32.7,203.2,667.7
6,21,23.0,191.82,492.17
8,20,32.0,149.52,627.31
6,23,26.8,183.47,491.16
11,21,30.7,158.28,801.4
5,20,27.1,160.84,419.69
12,22,29.8,131.39,826.71
9,22,28.3,202.24,711.15
11,22,25.0,125.91,732.1
6,20,27.4,117.89,371.69
9,22,26.6,162.23,645.0
9,20,28.9,96.24,616.65
9,21,27.4,153.53,672.85
9,23,27.9,199.04,753.52
7,22,23.9,162.45,464.89
5,21,23.2,150.95,476.33
2,21,27.2,124.8,330.21
9,20,27.5,104.93,516.12
6,21,23.8,175.91,434.23
7,20,28.7,150.84,542.08
4,20,28.8,168.74,337.37
9,21,27.5,84.24,591.16
8,20,27.0,171.96,568.63
10,20,23.2,209.57,714.07
9,20,23.1,190.24,605.15
9,21,28.2,158.9,527.43
2,23,24.5,118.67,293.22
6,20,24.7,153.65,481.67
7,22,27.8,154.62,538.91
7,21,33.1,135.13,566.63
9,21,25.8,137.42,595.57
6,20,33.2,212.96,522.62
6,21,26.8,121.03,558.01
10,22,28.7,137.13,647.5
10,23,29.9,166.83,788.66
12,21,30.1,215.43,889.48
8,21,28.0,140.97,540.05
5,21,26.3,96.03,313.12
8,20,29.5,85.9,508.24
8,22,28.3,225.6,688.07
8,23,25.7,92.72,556.44
14,22,31.2,152.28,1014.89
2,22,28.4,104.62,228.04
7,21,24.8,126.34,440.43
7,23,24.4,130.55,552.54
5,22,32.9,91.34,358.43
7,23,25.5,186.57,536.32
8,20,29.3,162.92,566.4
8,21,28.1,137.19,560.34
12,20,29.2,132.75,722.39
4,23,32.7,182.65,392.27
6,21,30.0,152.7,562.81
8,20,29.5,212.57,683.23
9,21,26.4,136.57,510.13
6,20,25.0,162.77,463.97
11,22,34.3,113.06,766.28
6,21,26.9,137.0,476.32
9,23,26.7,181.13,685.73
12,21,27.9,185.36,724.09
7,23,27.6,205.24,640.04
14,20,31.8,163.35,870.87
6,20,28.6,187.07,356.03
9,23,23.1,168.72,635.64
8,20,25.0,137.61,432.14
10,21,27.0,104.58,681.22
9,20,30.1,143.06,600.66
5,23,22.4,115.64,380.85
7,23,28.5,181.64,616.11
10,22,29.2,183.34,733.86
6,23,29.6,119.53,472.55
7,20,26.8,183.36,570.77
8,23,30.1,114.59,597.72
6,20,24.6,193.34,394.01
5,20,29.8,145.15,432.22
7,22,26.8,163.76,535.14
4,20,27.1,193.48,374.92
12,23,27.1,167.91,821.57
12,23,29.0,145.99,819.1
9,23,23.7,176.24,710.72
7,20,29.7,120.98,453.29
5,23,29.6,92.13,325.79
5,21,26.1,184.38,428.49
7,21,27.0,110.62,520.16
6,23,24.4,177.66,418.13
7,20,23.5,154.24,476.8
9,23,27.6,149.57,585.24
8,21,27.6,121.65,585.62
6,20,26.0,136.49,419.62
9,23,23.3,150.41,568.84
8,20,28.4,155.96,478.3
5,23,25.9,122.91,526.54
9,22,24.8,172.31,740.63
6,20,30.8,174.22,443.7
8,21,24.1,164.52,487.23
6,21,28.7,136.84,470.28
7,21,22.5,175.78,466.36
8,21,22.7,168.63,515.51
5,23,28.4,91.38,431.77
8,23,26.0,156.34,690.87
5,20,23.5,207.99,469.44
9,22,29.8,179.16,665.81
11,22,28.1,184.6,804.93
8,20,20.6,128.97,366.98
6,21,29.9,153.77,498.59
11,22,23.8,144.51,681.86
7,22,21.9,149.93,526.88
10,20,24.5,134.57,634.14
8,21,26.9,112.94,544.54
9,23,27.2,151.93,676.88
7,23,22.1,126.58,460.54
7,22,22.8,167.58,550.05
12,23,24.7,149.08,799.44
3,20,24.9,92.18,214.72
6,22,29.3,191.45,540.95
9,22,25.8,163.06,670.25
8,21,29.2,136.26,618.22
8,23,30.3,139.91,607.69
7,21,28.7,113.16,452.51
9,22,17.8,148.13,513.5
11,23,26.1,170.44,737.02
8,21,26.5,202.35,603.05
7,23,26.8,147.34,606.11
8,22,20.8,151.47,495.18
15,22,24.7,185.78,955.1
14,22,22.9,115.24,802.11
10,20,24.2,154.37,616.65
6,21,26.2,127.31,449.24
13,21,24.8,153.93,850.98
4,22,24.4,178.1,389.26
4,21,26.4,100.43,185.33
7,22,25.5,183.33,531.95
10,21,27.6,160.79,753.08
13,23,25.7,154.2,897.87
6,21,22.3,190.38,484.81
10,22,23.9,126.28,689.06
5,21,26.0,109.81,409.2
11,23,25.7,119.27,769.97
6,23,22.8,165.98,414.51
8,23,29.0,135.15,605.43
4,22,27.9,123.79,375.78
8,20,25.2,120.68,501.22
9,22,26.5,155.24,600.43
11,23,23.8,149.17,724.5
8,21,29.6,107.44,466.53
8,23,33.2,108.44,651.48
9,20,25.1,134.19,524.33
13,20,30.7,177.54,739.95
10,23,24.4,137.22,664.78
9,22,25.4,105.71,656.01
8,20,31.3,147.4,485.89
7,23,26.6,151.14,535.17
12,22,29.1,105.45,683.86
2,21,26.2,113.47,235.54
6,22,21.6,172.32,487.32
6,20,34.0,113.09,440.13
6,22,26.3,173.58,471.18
13,22,27.5,103.6,790.13
6,21,24.8,104.72,463.77
6,23,29.3,150.69,454.05
9,22,29.1,127.36,610.39
8,21,22.3,133.96,578.98
14,20,27.5,154.55,812.4
6,23,29.6,133.08,493.05
4,20,30.6,121.56,362.26
9,23,28.9,164.72,797.52
7,22,29.2,155.42,500.5
8,22,25.4,151.3,602.6
8,23,23.3,149.46,503.3
10,20,26.1,125.94,561.05
6,20,23.2,119.69,352.52
4,20,24.8,139.66,332.8
10,22,24.7,126.44,611.05
10,23,24.2,149.63,678.13
5,23,28.6,138.25,420.69
7,20,24.0,150.54,464.12
8,22,32.5,147.21,567.95
4,23,30.0,202.96,408.4
7,23,30.6,108.41,526.74
12,20,24.9,144.38,745.38
8,20,27.6,116.77,529.11
6,23,23.9,135.51,418.4
5,22,27.7,125.49,360.33
8,21,21.7,169.17,573.99
9,23,30.2,105.78,714.66
4,23,25.1,173.42,424.78
9,22,27.9,165.89,669.58
6,23,28.5,211.66,457.09
11,21,25.3,204.09,766.34
9,22,24.6,126.06,666.32
8,21,26.6,187.11,639.69
8,21,29.4,140.27,627.21
7,23,26.6,159.13,470.13
7,21,28.8,201.6,534.16
7,23,29.4,127.25,548.38
7,23,26.4,151.68,509.99
12,22,26.7,91.58,671.89
11,22,27.4,176.64,776.43
7,22,30.4,213.08,664.57
4,23,26.0,167.2,333.64
14,21,30.4,191.04,978.86
10,21,27.8,184.26,706.22
11,22,24.8,128.8,772.09
5,22,26.9,159.73,476.26
13,23,23.6,164.82,834.73
8,20,23.0,115.01,478.51
5,20,28.8,193.34,442.98
7,23,29.4,134.86,652.75
8,20,26.9,143.5,564.41
10,20,27.1,142.09,616.7
5,20,25.3,151.12,402.06
5,22,27.5,237.89,528.71
4,21,32.9,131.8,383.75
5,21,30.0,103.62,362.18
12,22,26.8,154.91,840.74
2,22,26.5,124.11,241.27
7,22,25.9,137.74,492.97
9,20,22.8,168.6,591.63
9,23,25.6,117.37,583.52
7,23,29.0,139.08,572.92
10,20,24.2,158.79,600.06
8,20,26.2,126.65,383.95
10,22,23.6,148.81,664.82
10,22,29.4,158.77,723.67
3,21,23.2,146.51,286.7
4,22,28.8,154.71,297.77
7,20,30.1,160.71,461.89
7,21,26.0,129.8,542.27
8,22,24.9,105.95,527.85
4,21,28.4,118.93,254.72
9,21,31.8,114.05,633.55
13,22,31.0,186.97,821.34
8,23,26.8,97.92,527.46
9,20,24.4,168.84,591.26
10,20,26.3,129.46,629.36
5,21,21.9,181.06,434.49
6,23,25.3,137.34,496.46
5,23,28.4,150.93,490.67
10,22,25.9,165.52,662.31
7,22,25.2,187.63,499.57
9,20,26.8,132.9,577.1
11,22,26.2,131.51,758.13
7,22,29.3,165.34,606.24
8,21,23.0,102.39,472.05
9,23,28.6,98.47,621.59
9,23,26.9,161.01,612.3
5,22,28.3,170.08,516.61
10,22,22.8,160.01,727.09
8,22,29.6,147.07,626.11
11,20,28.6,133.85,611.58
8,20,32.0,197.63,661.97
5,21,24.5,201.53,508.97
9,20,25.2,153.23,519.11
9,23,21.6,129.49,622.36
9,20,24.5,119.73,531.67
5,23,31.3,162.94,565.57
10,20,27.9,113.15,561.48
10,20,24.8,113.84,567.6
9,21,27.4,135.47,523.97
8,22,26.8,165.22,607.3
8,22,21.3,194.06,585.63
10,22,21.8,157.52,651.37
10,21,30.3,164.9,679.34
3,23,29.2,179.48,373.71
14,20,22.5,176.68,800.45
11,21,26.6,133.44,737.21
8,23,24.9,176.14,526.81
8,21,30.3,180.95,600.4
8,21,28.3,159.32,507.27
9,23,23.7,154.09,599.68
12,22,27.4,167.98,797.28
13,20,26.9,164.85,905.67
11,22,26.9,94.11,650.75
7,21,25.5,162.87,556.34
7,23,27.1,185.37,493.53
5,21,24.4,179.66,410.19
6,22,23.4,161.31,455.3
3,22,23.3,154.44,333.42
9,22,23.9,138.09,561.69
13,20,28.3,146.56,760.68
7,22,28.3,171.82,456.94
7,20,31.4,161.54,559.6
11,20,26.3,177.11,672.73
6,22,29.1,134.42,539.85
9,23,27.1,182.51,703.01
13,21,27.9,131.45,863.42
11,21,29.4,156.08,695.44
11,20,28.7,133.14,704.2
8,20,27.3,147.05,550.39
12,20,25.2,211.01,745.6
12,21,27.8,165.28,842.02
15,20,31.1,156.76,975.4
4,23,27.5,192.36,540.68
6,23,25.8,73.06,461.32
5,20,29.5,145.24,504.27
8,21,22.8,135.01,598.76
10,22,25.9,124.27,624.04
7,21,24.1,104.14,370.41
7,22,26.6,143.43,605.43
3,22,30.7,170.81,418.73
10,20,28.9,145.59,681.77
9,23,21.4,173.97,590.7
8,20,25.1,152.14,543.01
9,22,22.5,184.99,663.87
7,20,30.2,134.92,542.61
7,22,25.3,93.82,436.89
10,20,27.2,102.59,681.47
6,23,27.4,135.07,498.02
6,23,27.6,123.6,519.01
8,21,18.3,132.28,501.07
11,22,28.1,184.16,874.75
8,22,25.4,104.97,548.24
11,20,29.5,195.24,748.96
8,21,27.6,125.83,642.43
10,23,28.9,112.68,744.49
6,20,24.8,145.85,430.14
8,21,23.6,194.97,574.26
7,23,29.7,128.63,461.61
7,20,28.7,131.97,488.11
3,23,27.7,133.98,273.72
11,22,27.7,184.5,630.74
7,21,28.3,136.61,482.11
6,23,23.1,163.39,402.87
11,21,30.2,153.62,727.41
2,20,26.5,146.7,248.14
7,21,26.6,135.04,519.72
9,20,25.7,209.07,619.25
8,21,19.6,233.76,488.48
12,20,28.7,123.5,730.0
6,20,24.0,117.86,331.05
13,20,27.3,151.22,864.39
11,23,24.5,81.81,663.46
12,22,26.0,151.45,713.89
4,21,25.8,210.22,343.65
14,22,24.5,132.03,840.67
4,22,26.3,182.41,402.06
12,22,25.6,194.08,791.16
5,22,23.9,124.15,427.8
6,21,30.5,155.35,451.38
12,21,24.6,160.62,794.63
9,22,28.7,171.87,659.66
10,21,29.0,174.05,742.42
9,21,29.8,183.67,633.38
8,20,25.4,126.54,543.77
11,21,26.4,155.22,667.86
7,23,26.5,194.47,662.91
10,22,28.6,197.71,729.99
7,21,26.3,156.75,486.59
16,22,28.4,134.05,922.31
7,21,26.2,181.06,535.6
12,22,30.4,166.09,818.95
5,23,27.0,165.44,395.15
7,21,26.6,173.27,487.84
11,21,28.0,121.48,599.66
8,23,31.9,175.41,612.91
11,21,25.2,154.64,689.41
6,22,30.1,184.24,556.26
9,23,24.5,150.61,609.77
7,20,27.1,167.5,528.9
5,22,24.6,163.72,369.2
8,21,25.9,133.62,557.95
4,22,25.0,122.95,334.14
4,23,29.1,174.2,430.01
4,21,25.5,124.29,324.34
12,21,28.6,139.92,737.88
6,23,25.4,139.01,398.68
9,20,27.0,161.01,546.39
8,21,31.4,170.27,549.35
4,21,24.8,103.3,288.88
10,21,24.8,128.25,654.94
13,20,26.3,126.83,838.26
7,22,26.9,143.16,500.94
6,20,28.9,90.23,402.77
11,22,27.1,184.01,852.63
6,21,27.7,151.81,448.67
8,22,23.5,145.97,510.81
6,22,27.9,172.65,500.65
13,22,28.0,165.53,831.05
7,22,29.0,165.2,528.38
5,21,26.0,149.53,329.39
8,23,27.0,153.14,681.94
5,20,29.1,175.33,458.99
12,22,23.8,165.96,841.83
11,21,21.6,201.85,745.36
11,21,23.7,154.2,680.87
8,21,25.1,169.52,472.93
5,21,30.2,146.31,393.76
9,22,33.1,159.71,681.21
12,20,24.3,161.27,673.54
14,21,26.7,136.68,755.84
4,20,25.4,130.61,264.13
6,20,28.4,169.23,460.12
11,20,27.8,163.63,788.8
9,23,24.4,194.03,625.27
10,21,25.1,150.14,674.24
5,21,26.6,120.17,333.0
4,21,30.7,150.35,385.96
5,20,25.0,173.09,387.14
8,21,22.3,86.35,542.55
12,21,30.9,149.81,665.43
6,20,28.5,169.99,430.34
16,21,23.5,157.04,943.09
5,22,27.9,139.25,451.49
7,23,29.4,113.92,486.63
10,22,27.3,149.64,680.6
7,22,31.1,113.27,542.14
10,22,28.7,170.19,786.39
6,20,27.9,151.84,461.06
8,21,27.6,194.85,594.91
10,22,27.4,91.4,602.01
5,22,29.6,139.8,478.56
6,21,26.6,172.0,460.37
10,20,29.8,184.28,667.58
3,22,27.9,173.22,308.93
1,21,27.3,121.41,175.45
5,21,26.1,135.56,424.14
14,23,26.1,82.93,811.73
8,22,28.0,151.36,592.38
7,22,30.0,184.9,560.47
7,23,28.5,150.21,573.82
11,21,24.9,167.3,706.57
8,21,22.2,166.5,485.87
2,22,29.2,140.49,336.18
14,22,35.0,77.04,829.32
9,23,26.2,190.23,730.67
5,22,25.6,162.96,442.92
11,22,29.5,112.48,753.99
7,20,24.4,161.13,390.54
6,23,31.5,156.0,547.14
9,21,28.2,189.33,730.52
9,22,26.9,164.16,633.27
7,21,24.7,164.27,504.71
5,22,29.6,155.98,404.04
6,20,25.7,126.91,336.25
7,23,29.1,170.18,598.94
13,23,28.2,149.24,827.46
7,21,30.9,121.42,498.19
8,20,27.5,130.23,532.11
2,21,36.3,115.92,360.54
8,20,28.7,181.79,608.37
4,22,27.4,209.36,436.86
10,22,25.8,184.65,740.41
11,20,29.6,161.29,777.53
7,22,25.9,148.04,510.85
11,23,24.7,141.27,803.21
10,20,25.6,120.41,547.91
11,20,26.4,208.4,654.31
12,21,33.7,118.98,871.85
7,20,27.9,124.52,443.38
7,21,25.0,144.13,351.85
8,20,30.3,146.61,553.66
10,23,27.6,168.06,781.54
11,23,30.9,129.8,757.31
10,23,32.7,90.34,620.87
9,21,22.5,143.06,545.21
3,21,19.9,145.08,225.53
7,22,33.0,142.64,567.05
3,21,24.9,142.24,247.22
10,21,21.9,139.48,567.04
7,23,25.4,110.27,538.86
6,20,24.1,193.87,417.07
11,21,24.7,192.17,728.63
7,22,29.6,191.86,597.05
12,20,25.9,114.43,669.95
4,21,22.1,162.11,283.54
8,20,27.1,137.31,534.33
8,20,24.4,135.68,420.4
4,20,26.3,122.14,409.93
11,20,26.4,226.97,717.17
7,20,29.5,142.54,489.86
8,21,25.5,122.34,559.54
11,20,29.1,154.15,705.76
3,20,22.2,172.89,239.58
10,22,29.7,145.76,636.7
11,22,30.9,157.33,779.93
3,20,26.3,180.06,279.8
10,21,24.5,121.36,716.6
9,22,23.8,155.33,591.67
8,22,26.9,130.83,450.55
9,20,30.6,126.77,655.41
7,21,25.7,202.56,489.27
6,23,30.3,147.32,536.51
10,21,23.5,118.14,670.22
12,22,25.9,146.65,751.34
8,22,26.9,113.72,539.43
9,22,27.6,143.48,678.01
11,22,26.0,129.65,775.01
9,22,30.7,165.33,672.8
6,20,30.8,208.11,625.49
8,20,26.5,144.75,443.63
6,20,25.4,130.77,363.87
9,22,25.2,152.73,590.29
7,20,30.1,194.74,609.65
7,22,25.0,165.49,533.96
6,21,22.6,145.77,379.02
9,23,23.1,88.01,504.74
13,21,29.0,148.43,754.08
5,23,22.9,173.3,453.49
2,20,25.8,178.73,231.54
5,23,27.3,189.33,535.24
6,21,22.0,129.77,321.67
9,21,27.5,137.91,627.15
11,23,26.0,146.39,735.26
9,21,21.3,171.29,539.13
5,20,27.6,142.11,362.49
10,21,28.2,165.74,689.62
5,23,27.6,138.47,444.74
14,20,28.5,128.82,793.61
5,23,27.8,183.29,510.16
8,22,29.2,159.37,669.65
6,22,24.2,172.4,457.35
13,20,22.8,143.81,772.23
8,20,23.5,174.12,516.49
6,21,24.6,118.12,530.64
7,23,33.1,122.9,589.67
5,22,24.6,178.26,463.58
11,21,25.4,147.89,751.02
11,22,26.3,142.6,685.01
9,21,25.9,122.41,612.53
5,21,32.4,174.13,526.88
11,22,21.8,205.96,744.49
6,21,33.6,168.23,578.3
10,22,27.4,136.53,641.16
4,20,29.9,191.6,509.49
7,23,27.1,160.78,439.31
11,21,29.4,137.01,682.01
10,22,24.2,188.27,615.4
7,22,22.9,144.59,571.17
10,23,34.8,106.72,736.62
8,23,32.7,140.47,602.55
3,23,23.8,165.96,300.88
7,21,29.1,128.47,438.03
6,22,30.5,93.83,501.17
8,21,29.0,194.09,651.48
9,21,26.4,239.82,690.78
10,20,33.1,135.74,653.53
12,23,29.1,131.11,881.82
10,20,24.2,109.59,618.93
7,20,25.8,125.36,371.45
7,21,23.8,104.16,431.54
13,21,26.7,110.85,717.62
8,22,26.6,150.07,649.46
13,20,29.3,102.63,752.34
5,23,29.2,105.95,368.01
7,20,28.2,156.21,499.31
9,22,28.1,131.48,705.51
3,20,30.1,160.7,373.08
11,20,26.3,139.74,648.95
5,20,19.8,144.43,305.05
6,22,33.3,173.4,611.8
8,20,24.3,133.54,569.24
4,21,29.1,171.29,320.36
5,20,26.0,137.4,377.38
15,21,31.2,125.38,914.5
4,20,24.1,117.78,260.99
5,21,24.9,100.3,416.02
14,20,25.5,112.79,727.55
5,23,28.7,96.8,464.32
12,21,27.7,120.16,628.72
13,23,28.7,174.63,850.4
5,21,27.4,149.75,415.29
6,20,29.8,138.36,393.09
8,22,29.8,129.26,702.06
8,20,31.5,147.56,547.62
6,22,28.0,150.91,451.15
3,23,28.0,116.55,298.73
10,22,32.3,163.91,773.32
6,22,30.6,140.23,553.48
7,22,28.6,158.9,530.77
4,22,22.8,149.04,353.23
7,23,21.9,107.45,485.17
10,22,28.8,189.03,657.54
4,20,29.0,149.66,353.39
10,21,24.8,138.97,597.96
7,21,28.1,167.48,456.77
11,20,24.3,115.28,645.49
9,23,28.7,102.77,680.12
7,20,28.8,166.7,523.5
9,20,28.8,184.4,506.69
6,22,28.0,158.59,474.09
8,22,26.1,174.17,545.84
6,23,26.4,112.01,552.25
8,23,30.5,139.22,609.19
10,21,28.2,130.26,575.96
9,23,28.5,180.83,687.01
7,20,27.3,164.82,536.23
13,21,29.0,180.93,859.24
9,21,29.9,131.46,583.81
10,22,25.1,116.06,611.07
7,22,28.8,189.87,617.96
9,21,26.3,150.78,608.9
7,22,27.9,181.95,666.23
9,22,29.5,148.05,658.4
10,22,22.6,216.12,612.94
6,21,23.7,185.34,445.77
6,21,25.0,145.2,408.21
1,21,24.8,150.62,110.96
10,20,26.5,150.72,642.23
5,21,32.1,115.92,412.6
13,22,30.5,135.54,861.26
13,21,25.3,133.26,870.7
11,20,29.6,156.98,715.18
9,22,26.9,125.55,660.37
7,23,28.0,145.5,547.13
6,21,24.1,139.01,442.56
9,21,23.0,152.27,578.19
8,23,29.2,194.04,670.58
6,22,27.1,182.86,500.7
10,21,28.6,110.69,716.74
9,20,31.8,148.44,668.16
7,22,26.3,140.91,521.35
10,21,26.3,130.6,683.02
8,22,32.3,214.59,691.16
6,21,27.1,134.2,503.7
7,23,24.6,136.28,455.94
10,21,29.2,202.63,830.76
5,22,26.3,179.07,454.74
9,21,24.5,136.7,517.62
5,21,27.3,172.82,468.4
8,22,29.5,142.82,663.74
4,21,23.5,144.82,269.83
7,21,23.5,125.84,431.61
5,22,26.8,77.01,419.95
16,23,23.7,107.25,961.03
2,20,23.2,116.86,153.2
8,20,27.0,162.57,537.78
9,20,30.3,154.6,564.34
11,20,29.4,182.59,690.32
8,20,26.7,113.9,424.27
6,20,30.8,203.6,503.94
11,22,32.2,200.83,856.59
7,22,28.5,151.06,532.26
10,22,25.9,129.41,708.37
10,21,31.7,130.96,659.36
8,23,31.6,155.94,575.76
7,23,27.8,206.48,660.53
3,20,30.7,147.15,342.77
13,20,24.7,102.54,789.96
7,22,20.8,206.86,496.64
7,23,24.1,137.99,590.78
12,21,27.6,193.61,747.25
5,21,26.8,168.77,408.43
7,22,29.9,145.55,575.68
7,20,22.5,178.98,445.15
6,23,22.6,127.96,449.76
9,21,29.3,141.27,688.27
6,20,22.7,134.08,403.02
7,23,26.2,143.98,528.14
11,21,27.1,166.43,785.2
10,20,25.0,166.21,659.07
4,21,28.7,103.34,339.61
11,20,20.8,133.93,611.3
9,20,32.5,139.11,617.87
11,20,26.0,167.58,736.32
4,23,26.5,107.99,405.32
7,22,35.1,171.19,691.03
7,20,22.9,116.2,443.67
12,20,23.9,157.45,687.39
7,21,31.2,183.43,595.42
14,21,22.3,113.19,755.75
7,23,28.5,157.25,578.76
3,22,25.2,144.44,377.85
9,21,22.2,120.68,597.12
13,23,28.6,113.25,881.67
6,23,28.7,128.77,498.57
5,23,27.0,125.69,475.39
6,20,33.2,143.83,465.1
5,22,24.7,137.2,323.53
5,22,29.6,162.71,479.76
6,22,28.0,174.25,490.45
15,20,29.9,104.13,971.66
7,20,25.5,142.48,550.48
9,21,22.8,121.5,511.21
10,21,25.0,117.45,648.23
10,21,26.8,102.94,521.71
7,23,29.0,100.72,547.97
9,22,27.1,134.43,633.75
6,20,27.6,161.79,406.23
7,21,32.2,161.68,579.37
9,23,26.9,118.42,577.59
7,20,25.4,115.39,488.93
5,23,28.3,157.18,478.26
9,23,21.9,137.05,662.8
5,23,21.8,176.69,343.27
8,22,26.6,116.68,505.92
5,20,24.2,94.27,293.18
12,20,25.2,168.37,760.98
6,23,29.8,93.3,496.23
9,22,28.6,106.63,632.35
1,23,26.8,129.92,199.17
9,21,27.2,141.45,510.5
8,20,25.7,168.04,503.7
10,20,29.5,119.57,711.55
10,22,29.4,189.53,704.38
5,20,30.0,104.52,392.2
12,20,29.8,138.84,762.47
3,20,27.2,174.9,320.73
6,22,24.9,176.49,413.48
6,23,26.5,61.35,464.96
8,20,27.3,231.24,603.52
4,23,25.0,140.33,487.56
8,22,31.9,158.35,616.93
7,23,31.9,139.99,639.89
6,21,26.6,214.05,488.25
5,20,30.1,188.68,547.83
12,22,28.7,213.23,883.92
14,22,25.5,164.2,812.19
10,23,28.2,177.36,804.6
7,20,24.7,118.66,480.46
3,22,24.4,142.06,273.89
4,21,28.4,177.39,315.56
14,23,28.5,159.55,982.2
6,21,35.1,153.17,629.74
10,21,26.5,126.73,692.68
10,23,25.4,184.96,755.58
10,21,29.8,184.54,743.19
9,23,26.9,181.27,727.21
9,23,25.1,158.76,624.48
5,22,25.2,150.3,321.94
8,22,26.5,183.72,639.55
6,21,30.2,178.1,533.75
10,21,28.3,123.22,581.34
11,21,24.5,159.49,582.95
9,21,32.5,169.74,684.9
8,21,24.3,129.81,508.85
9,22,24.8,177.1,617.56
5,21,30.5,171.53,491.21
12,21,31.5,137.51,757.68
5,20,28.1,109.3,402.41
10,23,23.1,167.59,710.08
9,23,27.3,208.94,567.03
14,22,22.9,157.66,841.68
11,23,34.5,169.24,849.94
10,21,27.9,115.04,678.05
14,23,29.4,148.57,950.35
10,22,25.9,146.66,578.67
8,23,32.4,123.41,637.68
7,23,25.5,163.19,532.51
10,20,24.4,162.04,677.61
6,20,27.9,141.18,382.16
8,21,29.6,149.62,585.97
7,23,33.4,211.59,706.7
12,21,31.8,131.38,831.55
4,23,30.6,116.06,400.98
11,21,24.9,115.34,720.7
10,21,24.9,157.47,608.24
8,23,24.4,73.66,549.2
8,20,26.5,134.69,568.14
13,22,21.3,120.94,680.95
11,21,31.1,148.28,814.73
9,22,23.9,148.41,515.56
6,23,23.6,160.34,492.52
2,21,25.8,168.47,239.16
11,23,23.0,184.25,787.75
7,21,28.9,139.39,537.33
15,20,24.1,130.01,934.57
6,21,28.5,175.58,552.34
8,21,29.8,100.23,554.52
5,21,25.4,172.72,471.95
10,23,24.8,154.29,676.75
5,20,24.6,163.47,322.25
4,23,23.8,160.95,353.42
5,22,25.7,154.09,414.93
9,20,27.2,155.31,440.88
10,21,22.9,116.68,661.04
10,21,25.1,130.46,620.26
4,21,27.5,203.32,455.59
11,22,27.1,170.19,755.21
9,22,19.0,181.82,498.37
6,21,28.9,139.64,474.69
12,21,30.7,152.38,793.07
8,22,25.3,165.8,541.18
7,23,21.8,186.17,507.37
5,20,24.7,145.42,364.73
10,20,24.6,164.31,504.92
9,22,30.6,171.32,701.06
8,22,23.7,178.05,599.83
9,23,25.9,143.95,659.47
7,21,32.0,188.45,577.04
2,22,27.5,107.33,348.9
4,23,27.6,116.12,404.31
7,22,26.7,164.42,517.61
4,21,29.9,163.63,338.29
6,22,28.2,142.95,418.24
9,21,32.6,136.73,674.99
4,23,32.9,137.13,484.68
10,20,27.9,123.03,634.05
7,23,26.9,148.65,544.98
11,20,27.5,103.32,640.61
4,23,25.3,183.96,434.81
16,20,27.4,161.46,914.38
8,23,22.7,188.81,586.81
5,21,24.9,154.83,397.13
8,20,29.4,148.88,591.54
4,20,28.6,153.76,318.24
8,21,26.6,129.01,489.18
9,21,28.3,112.7,595.21
9,20,31.5,120.46,621.91
10,20,25.8,137.21,617.94
6,20,22.7,123.5,240.05
7,22,28.9,190.46,597.81
9,23,28.6,128.84,777.58
7,21,29.3,161.81,588.15
11,21,23.4,167.53,590.3
2,23,22.5,187.12,264.42
17,21,27.8,170.45,1024.54
12,21,27.6,144.8,745.64
8,20,25.9,201.18,508.28
3,21,31.3,112.68,278.89
9,22,27.0,121.8,653.83
9,22,30.7,156.6,709.57
6,20,29.6,152.58,462.82
6,20,23.7,174.51,474.32
10,21,24.3,154.82,604.4
3,20,23.2,161.07,243.25
4,20,28.3,179.88,358.61
10,23,27.3,154.22,628.75
6,20,31.1,170.39,484.02
12,22,28.8,127.33,861.61
9,21,23.1,129.31,630.94
9,20,25.6,176.43,603.14
10,23,20.7,153.63,628.66
6,21,27.9,155.08,561.31
9,21,35.4,129.19,664.75
7,21,27.4,137.74,478.19
12,23,27.6,158.6,860.77
8,22,26.9,140.97,486.7
10,23,28.1,124.14,684.44
6,23,26.5,124.49,471.62
11,21,28.9,130.88,739.01
7,23,24.7,139.83,489.08
6,21,24.8,141.7,422.93
8,20,23.1,197.05,543.54
8,20,26.9,177.73,548.48
8,23,23.7,158.91,564.68
9,22,31.4,205.87,759.91
6,21,25.7,146.53,473.35
12,23,21.1,164.26,778.24
5,23,23.6,159.86,341.65
6,22,27.4,164.18,516.88
9,21,29.0,127.55,569.58
11,23,28.1,140.87,852.89
13,22,24.5,125.65,785.39
6,21,25.3,162.23,442.84
11,20,24.9,150.1,745.38
5,22,28.7,93.53,462.26
7,23,27.3,165.41,553.95
6,20,25.7,156.5,372.95
10,21,25.0,201.13,592.94
5,22,25.4,177.81,384.19
6,20,27.0,183.39,483.01
8,20,31.0,116.13,545.75
6,23,27.6,183.55,485.59
3,20,26.0,144.15,255.62
6,23,25.8,129.24,556.81
7,21,32.1,79.64,560.75
11,23,29.5,189.4,893.9
7,22,29.9,141.46,518.04
9,20,29.2,146.33,649.84
4,21,26.9,159.63,401.37
7,23,30.6,205.87,704.05
9,23,22.6,143.22,601.12
9,23,31.7,149.54,657.02
6,21,29.2,179.06,460.42
6,21,28.5,141.63,467.21
7,22,24.7,125.06,491.21
7,21,29.8,84.35,499.04
6,23,30.4,190.09,496.63
13,21,24.9,157.16,859.29
6,23,25.0,166.38,425.25
7,22,23.9,135.41,551.86
6,22,28.6,170.39,496.61
10,23,26.7,132.49,775.32
2,21,33.4,154.88,240.29
5,21,22.4,153.23,425.34
8,20,24.4,183.88,489.45
5,22,27.0,169.41,390.77
5,22,29.0,131.2,517.72
8,23,28.9,168.04,670.67
8,20,27.3,138.99,459.83
6,21,28.1,125.63,461.17
3,23,27.4,166.53,437.02
7,21,30.1,155.82,574.06
8,21,25.3,114.12,516.16
7,21,25.7,134.54,541.89
10,20,29.1,172.36,697.01
13,22,31.7,161.67,803.53
9,22,25.1,162.93,626.12
5,21,27.7,205.36,485.73
5,20,25.9,179.88,413.68
6,21,28.7,146.5,453.6
14,21,22.1,137.88,823.96
10,23,26.0,129.6,682.49
9,20,25.3,136.21,462.15
9,20,26.0,102.03,475.04
3,22,19.4,113.52,240.15
4,22,33.1,169.73,493.81
8,21,19.5,196.04,483.11
11,23,28.4,151.66,802.46
10,23,23.1,128.92,669.34
6,23,23.3,47.87,371.5
10,21,27.4,201.12,726.37
13,22,29.1,109.84,838.85
7,20,23.8,105.84,466.23
13,21,23.7,141.08,815.83
5,23,23.1,148.73,358.04
10,23,27.6,150.31,670.04
11,21,23.9,124.35,731.9
12,23,30.9,162.47,892.78
11,20,23.5,134.35,674.79
9,21,28.6,135.09,654.05
6,20,31.6,141.64,536.56
5,22,27.2,129.69,422.5
10,23,21.6,112.37,597.23
7,23,28.2,114.33,561.52
5,22,26.3,116.85,394.77
9,22,26.9,163.68,717.16
10,22,31.8,161.97,813.88
9,23,27.2,141.94,689.64
5,22,28.5,143.43,376.3
10,21,25.0,185.03,613.41
6,22,26.2,165.43,418.17
12,21,30.4,196.95,840.58
4,21,27.4,132.68,396.38
9,20,27.9,115.05,555.21
7,21,30.0,179.91,531.64
3,21,31.9,149.38,363.6
10,22,23.5,125.91,586.86
5,23,25.5,164.66,460.28
6,22,31.4,128.85,494.66
9,20,33.0,170.67,633.46
4,20,26.2,164.58,349.57
8,23,27.8,143.22,647.09
12,21,28.1,99.4,654.1
12,20,27.7,122.31,733.28
12,23,27.7,195.55,738.92
9,22,31.1,202.36,700.1
4,22,21.6,227.8,422.98
9,22,25.0,162.01,671.07
5,21,28.9,117.3,376.76
6,21,25.5,190.17,450.48
7,23,27.9,142.07,540.76
6,20,30.3,129.53,401.1
5,22,31.8,160.04,494.17
9,21,27.8,206.91,613.72
10,21,31.5,146.84,729.98
11,20,27.4,150.51,658.83
8,22,26.1,104.04,518.14
8,22,22.4,153.23,561.26
10,20,24.0,169.96,657.65
13,23,27.0,147.37,877.54
11,23,27.1,149.6,763.63
7,20,27.7,156.75,447.95
9,20,32.5,118.52,618.34
8,23,29.3,81.67,559.16
6,20,29.4,146.9,440.62
11,22,32.5,143.23,783.13
7,23,25.9,167.1,509.89
9,23,25.5,221.91,690.53
6,23,30.7,188.88,552.79
5,22,28.5,88.29,372.34
11,20,26.9,225.62,693.35
6,21,26.8,169.92,416.97
10,21,26.5,142.06,715.6
8,22,26.7,194.29,618.14
13,22,27.0,73.41,859.25
9,20,26.1,133.66,661.1
5,21,28.7,155.91,492.87
14,23,29.2,152.02,859.92
11,22,25.3,195.42,819.95
7,21,29.7,185.41,559.09
14,23,23.2,170.46,864.35
11,23,28.5,141.69,737.44
3,20,28.7,178.84,312.16
16,22,26.7,132.06,983.1
6,23,27.2,173.17,635.25
4,22,26.3,128.13,273.53
7,21,25.5,158.83,599.0
13,21,27.0,106.33,850.53
7,22,25.4,181.07,529.58
9,23,30.4,136.66,648.63
8,23,20.7,108.93,436.71
11,21,26.6,121.09,637.43
5,23,21.3,140.81,355.26
7,23,23.8,122.63,491.03
6,21,25.3,171.61,458.5
9,20,31.0,141.67,661.58
8,21,30.5,178.05,649.62
5,22,27.2,141.51,437.32
7,20,27.2,171.51,506.94
6,22,30.1,150.27,568.5
11,20,30.4,142.22,759.69
12,20,25.3,118.78,720.03
10,21,29.0,152.04,661.52
7,21,24.1,172.06,554.24
12,22,25.8,129.37,793.56
10,21,28.8,149.63,665.23
7,20,25.0,133.45,361.16
11,21,25.9,208.09,750.57
10,22,22.0,159.36,603.11
4,20,28.4,152.7,391.55
6,22,24.4,135.43,452.66
12,23,24.5,176.52,712.94
8,21,31.1,149.98,615.38
14,20,24.9,148.05,903.58
6,22,29.3,147.8,493.18
13,21,30.3,116.82,816.01
7,21,29.8,194.88,556.27
15,22,26.3,177.59,948.2
12,20,25.7,150.27,804.4
15,22,24.3,146.91,952.9
2,21,21.7,123.55,157.21
10,22,29.3,105.72,664.1
3,23,29.0,123.57,348.78
6,21,28.4,184.31,522.34
7,20,18.5,138.4,417.08
9,23,26.5,182.47,665.87
5,22,28.9,149.1,385.92
10,20,30.9,123.95,652.02
10,23,27.9,127.98,673.23
7,22,27.6,157.4,496.86
10,23,25.0,101.42,680.19
10,21,28.1,126.99,653.91
7,20,26.3,136.39,420.37
11,23,24.8,174.62,846.81
10,21,23.5,158.49,652.89
4,22,24.2,155.62,395.72
12,21,28.0,163.9,833.27
7,22,22.8,181.02,491.38
6,20,26.1,151.52,459.57
5,21,30.9,118.97,327.92
10,21,22.7,155.64,669.6
9,22,28.3,124.79,619.9
8,23,28.6,87.93,593.09
11,22,26.1,155.67,722.29
13,23,28.9,165.5,971.95
9,22,26.4,160.41,693.89
5,20,29.4,165.16,295.44
10,23,23.8,183.44,722.35
7,21,32.7,120.93,529.31
9,23,31.3,138.36,713.42
5,22,20.3,111.39,361.14
8,22,30.5,163.48,588.81
5,23,25.3,186.86,456.39
7,21,31.3,133.67,488.94
6,20,30.0,171.67,561.9
11,21,23.7,126.92,675.28
8,23,28.7,169.36,654.37
9,22,24.9,82.98,570.56
11,21,28.6,195.68,709.69
13,22,27.1,117.29,836.86
14,22,24.8,155.07,951.43
11,21,23.0,192.14,625.8
12,23,27.7,114.96,782.88
5,21,28.4,202.79,504.13
9,20,26.5,213.09,598.31
8,22,24.7,170.67,609.93
4,22,25.6,150.5,368.16
7,23,23.7,144.46,477.05
5,22,29.2,167.23,340.39
15,22,20.5,172.39,878.16
8,22,29.9,89.61,556.57
8,21,26.8,141.46,616.6
10,22,28.6,132.46,698.56
7,21,28.9,128.12,484.59
9,23,27.4,128.71,557.92
10,20,25.8,111.18,640.97
11,22,30.3,196.5,806.25
3,20,21.9,132.38,204.74
10,21,30.9,145.65,668.52
9,23,23.6,140.62,670.97
8,23,26.0,133.54,646.63
4,21,31.3,162.51,381.61
8,20,33.7,140.63,484.48
8,22,27.5,168.16,589.32
4,21,22.9,197.1,368.35
8,21,29.6,116.99,562.84
5,21,26.9,159.68,337.86
5,21,23.8,158.8,461.83
8,21,27.7,114.74,445.34
10,23,23.1,169.38,638.77
5,21,27.6,142.13,358.46
9,23,24.2,197.38,606.56
6,20,21.1,179.97,295.81
8,22,22.0,149.98,533.17
12,23,25.2,143.51,847.31
10,22,28.5,201.98,728.4
4,22,30.8,132.62,353.34
10,22,31.3,157.93,799.65
12,23,22.5,148.05,795.04
6,23,26.3,185.85,479.71
8,23,25.2,188.15,628.33
4,20,26.7,166.27,403.78
10,23,31.2,134.17,684.45
8,20,27.5,145.31,547.16
12,23,29.6,113.09,777.08
9,23,33.6,157.47,662.69
4,22,22.3,125.8,322.01
7,21,25.6,217.16,571.1
6,22,28.7,133.57,486.19
10,23,27.8,180.77,691.8
10,21,30.1,195.85,833.18
13,21,25.8,174.87,793.9
11,20,27.6,134.8,711.94
16,21,24.7,132.66,963.81
6,20,30.2,238.32,418.03
9,22,27.1,209.22,720.11
16,20,31.2,159.1,989.84
9,23,31.2,139.85,671.06
7,21,23.2,123.9,444.52
3,23,31.7,131.41,411.22
3,21,29.8,171.31,240.85
6,21,26.5,219.39,512.41
4,22,29.5,146.44,423.94
15,20,25.5,185.95,1011.58
11,22,31.1,176.95,724.88
9,20,27.3,141.23,608.13
5,22,29.7,179.97,456.42
13,22,25.1,180.9,860.02
8,21,27.8,177.5,633.79
4,22,29.7,137.62,359.92
10,22,27.9,171.51,804.2
11,20,28.7,185.67,801.46
6,22,24.7,178.67,519.56
11,21,27.9,182.33,727.17
7,22,24.7,143.91,474.76
4,23,26.9,182.18,447.17
5,23,25.5,188.7,446.47
6,20,26.4,136.29,396.71
6,20,21.7,108.48,449.99
9,23,27.1,199.07,717.43
8,22,26.7,136.12,606.85
7,22,22.5,127.72,560.55
8,20,28.0,156.37,559.49
10,21,29.5,141.9,646.68
9,22,27.9,92.21,539.72
7,23,29.4,176.75,662.7
9,21,25.4,176.0,596.35
16,21,26.4,119.06,781.15
5,22,27.2,149.24,298.53
7,21,27.4,119.48,416.19
12,20,20.0,124.24,630.11
8,21,24.2,131.94,506.6
8,20,30.0,165.86,609.06
8,22,24.7,210.34,547.95
15,21,26.3,137.6,903.59
7,23,26.8,175.17,612.78
7,23,23.0,173.93,521.73
7,20,31.7,86.11,463.05
6,20,26.9,108.45,362.49
7,22,24.4,211.39,610.71
8,21,28.9,134.81,498.81
13,20,26.1,163.59,870.82
10,20,27.2,160.1,648.72
9,22,31.2,86.16,569.26
10,21,25.4,129.54,669.43
7,21,30.4,171.8,587.13
5,20,26.0,121.87,378.01
11,21,27.2,138.66,738.17
11,21,27.9,113.88,698.29
12,21,26.0,124.78,752.43
7,23,23.9,134.2,574.89
7,21,28.4,94.23,489.1
10,23,30.4,185.15,802.75
5,21,28.9,108.34,285.5
12,21,28.8,144.83,790.01
10,21,25.6,127.65,754.54
15,20,29.1,182.31,847.16
8,20,28.1,113.03,621.19
14,23,29.6,126.54,943.17
16,21,27.3,109.89,846.01
5,23,28.8,77.76,412.13
12,21,25.6,165.27,777.83
11,22,29.1,150.97,797.2
9,23,23.2,156.57,595.7
3,20,26.0,174.31,334.22
15,22,24.9,153.24,980.94
3,20,37.5,136.68,428.84
6,22,29.0,157.79,565.45
5,22,23.7,134.81,363.05
14,22,22.9,183.37,899.93
9,23,21.8,139.14,703.93
17,23,23.6,146.42,958.95
8,20,24.5,169.1,550.92
4,23,24.1,220.08,371.05
13,20,25.6,119.33,814.19
13,21,29.5,113.45,706.95
9,20,26.4,142.65,549.75
6,20,29.1,127.55,558.78
6,23,23.8,171.0,460.12
8,20,25.9,155.92,530.21
5,23,24.2,116.42,457.32
8,20,28.3,172.48,564.34
9,21,26.5,205.43,547.29
13,23,32.3,126.03,830.5
5,23,25.0,159.76,503.6
8,21,23.9,84.16,549.71
7,23,27.9,138.96,449.71
9,20,26.5,159.29,544.67
11,22,28.5,145.76,708.07
3,23,26.8,153.38,331.82
11,22,26.6,126.66,660.66
9,20,25.0,187.8,605.5
5,21,26.2,137.68,363.41
6,23,22.4,113.12,403.18
6,22,30.6,148.84,458.36
4,21,30.8,177.69,459.43
3,21,29.8,166.63,282.07
7,23,25.6,134.47,542.93
2,22,25.1,203.19,353.87
9,23,28.5,147.76,762.73
6,20,24.1,98.63,395.38
4,21,30.4,167.83,419.68
12,22,19.9,145.88,620.75
4,23,25.6,147.78,458.3
7,21,23.8,176.66,506.54
9,23,30.7,142.17,696.61
6,22,30.2,141.29,525.01
8,20,28.7,112.39,532.56
7,20,32.7,134.12,535.16
8,20,27.0,157.35,527.95
9,23,28.9,132.36,691.18
8,21,22.2,99.92,396.99
8,20,26.0,169.54,469.95
8,20,27.3,170.77,517.56
8,20,24.2,171.0,591.73
7,20,27.8,122.23,497.72
12,22,21.1,149.38,688.71
10,22,28.5,157.19,660.73
4,21,25.7,167.84,357.26
10,22,24.6,168.51,691.2
9,22,29.2,107.62,686.44
7,22,31.4,201.66,717.89
8,23,29.7,113.75,591.46
12,22,24.6,101.07,826.61
4,23,29.0,61.99,353.62
6,23,26.2,170.96,524.2
9,22,30.4,193.47,747.59
10,23,27.7,131.03,747.65
17,20,22.6,96.96,982.1
9,21,26.3,176.24,559.44
7,22,24.5,111.06,480.2
4,22,24.7,168.57,434.3
13,21,26.0,122.27,724.66
7,22,27.8,136.83,434.09
8,22,29.7,159.58,540.59
7,21,25.4,159.8,495.99
9,23,30.6,153.2,790.02
8,20,21.9,194.11,448.79
12,23,24.5,201.43,757.72
9,20,33.1,203.77,669.3
7,21,23.6,144.72,421.83
8,23,30.8,153.18,581.36
9,23,26.9,191.35,580.37
6,20,26.8,130.45,395.82
8,20,29.8,137.11,655.75
4,20,29.4,150.63,392.09
9,20,31.0,149.42,688.36
6,22,26.3,141.41,435.47
3,21,27.4,121.95,249.72
8,20,26.2,175.63,579.07
12,23,23.7,138.38,761.54
4,23,27.5,154.69,406.09
11,23,26.5,149.79,828.75
13,20,21.4,170.26,709.81
7,21,30.3,163.69,507.06
10,22,27.4,142.34,720.9
6,20,24.9,137.55,444.89
5,20,28.0,146.68,345.11
11,22,25.4,116.71,691.59
8,21,27.6,125.87,457.07
8,20,31.2,165.92,609.25
8,23,28.2,158.98,595.73
8,23,25.5,121.02,549.91
5,20,23.9,146.41,299.2
10,21,24.9,103.11,660.79
8,23,29.4,154.06,640.72
9,23,26.8,139.92,689.92
9,22,28.7,212.85,691.83
4,21,26.2,167.61,425.19
10,20,24.2,121.41,495.73
7,22,28.8,120.99,525.05
8,22,24.6,169.13,630.79
4,22,25.8,176.38,289.81
12,21,23.3,205.76,774.35
4,21,24.2,184.69,388.55
5,21,29.7,164.31,429.1
7,20,30.1,192.7,605.32
12,21,30.3,152.24,844.77
11,22,30.3,150.9,732.66
11,23,25.9,113.62,690.93
7,20,29.0,195.25,488.09
9,20,30.2,153.97,640.65
4,20,24.4,147.04,321.58
9,22,27.6,126.18,616.87
9,21,26.6,186.76,640.61
12,22,21.4,179.6,704.68
13,23,28.0,122.93,766.67
10,21,24.9,165.31,673.02
2,23,30.2,173.88,340.73
5,20,24.7,112.61,285.66
10,20,28.0,169.24,629.01
8,22,27.3,163.23,639.88
4,21,21.8,168.7,366.34
11,20,26.0,209.6,761.22
7,22,28.1,238.85,609.73
3,23,30.1,187.09,376.27
7,22,27.1,157.81,602.92
9,21,29.7,169.15,636.33
10,21,28.6,163.02,700.07
8,21,28.7,220.55,591.04
12,20,28.8,154.12,749.85
10,22,26.2,137.57,528.5
10,23,24.0,166.46,652.06
9,21,31.7,212.63,631.02
9,22,29.3,120.94,640.66
8,20,26.8,129.84,492.03
5,23,28.9,128.18,435.98
9,23,28.2,114.09,739.71
5,23,24.4,121.46,350.48
6,20,26.0,178.21,458.53
8,21,31.0,156.59,616.04
6,20,27.0,111.18,361.3
14,23,28.1,170.57,982.89
10,22,30.8,160.36,808.4
9,23,27.0,178.55,732.56
10,22,24.2,131.88,589.87
7,20,27.3,113.19,428.81
12,20,25.3,170.4,638.22
9,20,22.8,174.75,558.97
5,22,29.4,116.87,422.08
6,20,26.2,157.14,477.0
9,21,18.0,131.51,593.82
7,23,27.8,179.13,517.97
11,21,27.8,169.87,740.79
4,22,32.9,186.56,456.48
8,20,27.0,124.76,512.12
4,23,30.2,129.31,493.69
9,20,28.9,138.88,605.29
9,20,25.2,134.1,587.08
7,23,28.0,161.05,592.99
9,23,26.5,117.69,630.12
7,21,24.9,195.64,487.52
12,21,25.5,202.31,879.94
11,21,25.0,183.28,715.36
7,21,27.0,165.0,548.27
9,21,27.0,146.31,619.59
11,22,25.4,155.67,612.46
9,22,26.4,127.31,553.5
8,20,21.4,154.72,493.2
4,20,24.0,160.06,275.32
10,21,26.1,125.24,651.57
10,20,32.0,198.64,683.56
9,22,28.9,147.47,647.82
11,22,24.1,119.14,590.62
8,20,31.8,143.84,625.31
9,21,27.0,131.92,618.04
10,22,23.6,124.79,650.68
4,23,26.8,197.14,430.81
11,23,30.0,150.3,744.94
12,20,23.6,180.89,809.6
8,21,23.9,162.34,622.12
7,20,32.4,164.3,552.06
5,21,27.9,149.59,390.0
10,21,25.6,137.04,549.06
8,23,26.7,189.0,639.27
6,22,27.9,169.63,470.84
4,22,26.4,144.57,345.87
10,20,31.0,179.83,752.56
6,20,27.3,195.3,431.09
7,21,29.0,160.98,634.64
7,22,27.2,196.54,518.88
11,21,26.9,135.68,595.08
11,23,29.7,123.01,722.29
5,23,29.7,139.71,487.03
6,21,22.1,151.24,418.81
6,21,26.9,196.66,505.9
7,21,33.1,138.57,548.5
8,21,25.7,161.53,530.78
7,21,28.4,183.03,488.07
9,23,30.7,164.02,705.11
9,23,23.7,135.19,657.75
9,23,25.9,111.64,608.82
11,20,22.3,186.57,634.06
14,23,27.3,118.43,885.17
7,22,28.2,138.64,605.65
5,22,28.9,151.02,439.92
9,21,31.7,187.9,625.71
11,23,27.2,179.93,786.84
7,21,23.5,154.45,508.46
5,21,24.4,186.38,456.04
14,22,24.7,192.98,926.38
14,22,27.6,135.7,883.1
9,21,34.0,138.2,629.37
12,22,26.8,172.48,746.66
10,21,31.1,200.91,725.04
12,21,26.7,129.15,770.67
8,21,23.5,94.74,448.41
10,20,24.6,169.49,606.57
8,22,24.8,190.93,546.6
11,22,26.6,153.88,807.48
9,23,28.2,229.02,714.28
8,22,25.0,124.89,573.73
14,23,29.4,127.73,984.92
10,21,30.1,127.33,625.69
7,20,26.2,152.61,522.14
9,21,29.8,153.3,635.53
8,21,21.2,126.91,553.54
10,21,19.9,183.7,576.6
10,23,29.5,158.03,742.13
10,20,25.7,118.96,634.23
6,21,33.6,168.41,506.61
12,23,26.7,137.39,776.74
6,21,24.0,153.05,425.39
4,20,32.1,176.62,466.59
14,21,29.0,179.97,1014.55
13,21,31.6,177.5,957.31
9,22,25.2,151.49,685.5
10,23,28.1,120.76,478.23
4,20,24.4,140.44,312.72
8,23,21.8,150.7,551.38
4,22,29.2,196.39,479.42
6,21,25.6,134.22,361.63
11,20,24.0,156.05,701.23
5,20,22.8,113.01,214.5
11,23,27.5,160.22,815.03
7,21,27.2,148.64,428.42
12,22,25.5,146.12,823.64
5,21,25.0,175.4,468.83
3,23,29.3,129.43,339.84
8,20,19.6,192.03,521.07
9,20,28.9,127.21,590.54
6,21,28.4,190.98,432.81
5,21,23.3,102.12,362.92
5,21,21.2,159.18,418.67
9,21,28.8,168.31,626.18
7,22,23.5,139.21,518.08
6,22,31.7,158.33,490.02
9,22,33.4,139.09,730.72
10,22,28.3,163.43,704.06
6,23,26.7,157.51,502.22
8,20,26.3,216.51,610.09
6,20,21.9,108.64,432.19
3,23,26.1,156.03,372.58
11,23,25.6,137.38,672.03
5,22,25.1,153.74,378.0
7,21,28.2,145.92,514.9
13,20,27.4,139.54,810.38
7,23,29.4,134.31,502.95
5,21,25.7,171.43,431.3
5,22,28.8,138.81,483.58
3,23,27.0,149.35,324.71
5,20,28.8,155.57,510.9
9,20,26.8,128.26,533.15
7,20,32.3,168.28,568.04
10,23,19.7,121.24,499.32
6,20,28.9,164.8,454.77
10,22,29.6,162.06,707.9
11,20,23.2,146.01,627.41
8,22,32.5,117.15,571.62
11,20,27.1,150.2,664.97
7,22,26.6,119.03,533.16
10,23,28.1,146.64,612.54
7,22,29.7,173.67,482.54
8,23,27.4,149.54,579.02
9,21,27.3,187.62,637.01
5,22,29.5,158.85,423.09
7,23,29.9,173.2,600.79
13,21,28.0,171.5,868.31
4,20,22.4,192.21,376.28
9,21,23.9,110.85,614.28
9,22,30.3,134.31,583.77
7,21,26.2,150.84,463.76
9,20,25.2,174.02,547.4
8,21,28.3,155.05,627.79
6,22,27.9,149.81,457.69
7,22,26.3,180.91,563.54
8,23,29.2,139.87,543.45
12,20,23.2,138.47,660.56
2,20,21.8,165.62,155.68
8,21,31.5,221.82,696.7
6,20,23.6,149.41,343.51
5,22,22.6,130.62,459.46
6,21,26.0,132.99,447.39
8,23,26.9,139.02,553.92
12,21,25.6,189.78,794.54
7,21,26.3,139.02,453.68
7,23,22.7,159.14,461.55
5,21,29.1,147.24,464.12
7,20,22.4,110.61,481.04
6,21,27.1,140.17,471.86
12,21,27.7,75.77,646.19
11,21,28.9,155.25,692.86
3,22,27.7,164.69,425.02
12,22,23.7,124.63,766.77
2,20,25.8,133.74,158.28
10,23,24.9,109.78,611.04
8,22,22.3,83.51,488.99
5,22,28.3,104.81,399.72
10,20,24.7,169.56,737.4
7,20,27.4,140.57,450.34
4,23,26.7,156.28,431.66
13,21,23.6,211.23,839.77
12,21,23.4,179.96,664.9
8,23,26.0,166.17,483.22
12,23,23.1,135.46,729.73
4,23,30.0,196.78,488.01
7,20,31.0,187.06,639.49
6,21,29.3,176.79,465.79
12,23,28.0,149.85,834.08
8,23,27.2,122.26,565.14
8,21,23.9,195.52,651.35
9,21,29.5,176.12,653.72
9,20,31.1,143.89,604.25
3,22,26.0,141.7,321.7
5,22,26.9,113.35,409.23
6,20,24.6,172.81,503.83
8,20,26.0,155.11,534.41
15,21,23.2,161.93,903.34
4,20,26.1,177.91,270.95
12,20,28.3,171.66,712.54
6,23,28.0,123.75,469.93
10,20,27.8,150.67,653.25
11,20,19.7,162.38,588.59
3,23,27.1,164.65,377.33
10,21,28.8,102.29,614.06
10,21,27.0,119.82,720.51
6,20,30.4,169.72,479.5
2,20,26.7,169.26,273.96
7,22,28.2,198.29,569.63
4,23,24.0,103.5,328.07
14,22,28.8,176.93,946.45
15,20,29.4,161.29,929.53
7,22,24.9,118.47,457.29
11,22,22.7,96.98,661.45
7,21,25.6,178.23,511.13
11,23,24.0,120.49,725.58
9,21,28.8,110.58,653.81
11,21,25.5,163.61,755.82
8,22,29.2,149.71,548.21
8,23,22.3,167.24,415.44
12,20,24.5,162.92,838.37
3,23,24.7,250.36,433.61
11,21,27.8,171.71,754.5
13,22,20.8,169.79,747.95
4,20,26.2,123.53,208.08
7,21,25.9,196.87,436.41
12,22,28.1,134.84,761.85
8,21,27.2,122.69,547.31
7,22,24.1,143.66,580.55
14,23,20.2,163.2,854.96
8,21,24.7,136.15,559.28
6,23,23.2,123.71,414.33
8,23,23.4,123.07,519.31
9,22,24.8,156.17,539.23
6,20,29.5,166.81,416.56
5,23,23.2,169.27,365.43
10,21,21.4,103.33,548.85
10,21,25.3,125.08,539.49
6,22,26.2,177.94,453.43
13,23,26.0,137.27,827.5
5,20,25.0,156.08,254.93
7,20,26.3,228.79,619.8
6,21,27.6,82.36,501.43
19,22,24.4,146.12,1152.39
5,23,30.0,171.24,516.65
11,21,26.5,120.55,697.25
11,22,29.9,145.95,782.72
8,20,27.8,113.99,523.41
13,21,23.2,167.33,795.16
4,22,21.1,129.87,222.19
9,20,30.2,137.08,617.42
12,22,24.3,176.9,799.08
11,21,26.7,166.68,737.35
6,23,25.2,179.2,562.68
3,22,31.0,202.73,485.92
6,23,26.8,152.21,473.26
5,21,22.9,213.5,362.68
8,20,26.2,155.81,599.53
7,22,30.4,189.53,628.63
4,20,24.4,149.14,284.57
5,23,22.3,175.21,412.15
11,23,29.2,137.19,746.46
16,20,24.1,190.18,956.32
11,21,21.9,184.53,758.46
7,23,24.2,143.59,471.74
17,21,27.7,154.69,1035.05
9,20,28.2,121.67,591.74
10,21,28.0,177.9,593.29
10,23,23.8,175.22,813.06
7,20,29.5,113.02,496.29
14,21,29.1,215.14,990.45
10,21,28.3,161.93,601.63
7,22,23.7,143.03,587.65
10,23,25.0,185.96,691.62
8,22,27.8,134.34,460.75
17,21,28.6,189.21,986.64
8,23,23.9,114.71,478.97
6,20,32.2,143.34,447.53
10,20,26.5,147.38,568.32
4,20,29.8,133.68,394.98
9,21,23.2,127.9,563.07
9,21,27.5,135.39,629.14
11,20,23.1,134.03,659.84
10,22,27.4,135.93,660.12
11,22,28.3,193.03,699.42
10,23,28.5,163.0,649.47
5,23,24.7,147.36,351.41
9,20,21.5,172.95,498.29
5,21,27.9,147.14,501.16
4,21,25.7,126.18,253.29
10,23,25.7,101.83,722.5
15,20,24.1,179.66,832.46
1,23,26.7,83.23,126.31
13,22,26.9,104.74,813.83
10,20,30.1,165.14,746.22
6,20,20.9,149.48,296.97
7,20,22.9,193.78,479.95
7,22,28.3,130.68,586.79
8,20,20.3,173.08,537.06
11,23,24.7,144.71,645.94
10,22,34.0,166.48,753.27
6,21,26.1,155.1,374.39
7,23,29.0,165.12,600.89
8,23,21.9,156.45,562.08
15,23,29.0,158.8,1005.4
10,22,25.8,117.34,593.91
10,23,27.8,152.27,674.64
12,22,28.6,168.08,859.69
8,20,25.4,148.45,573.98
10,21,28.4,146.95,754.87
11,20,23.5,93.51,681.34
5,23,27.1,196.02,405.1
7,22,28.5,108.97,573.08
13,22,25.3,131.46,796.36
4,20,24.0,126.35,327.67
4,23,25.5,158.9,375.63
7,21,30.2,160.26,504.26
7,22,29.7,169.78,558.79
9,22,29.2,171.11,672.04
9,23,31.5,201.7,751.1
5,22,27.0,140.84,471.54
11,23,27.5,125.06,683.44
11,23,21.0,142.96,628.34
6,21,24.3,116.84,324.69
8,23,28.5,139.64,595.95
11,20,29.6,103.47,635.09
7,21,23.1,124.93,434.6
7,23,26.7,99.38,507.94
8,23,33.5,186.26,604.66
11,21,26.7,153.33,682.26
3,22,31.3,206.41,436.61
8,21,28.0,183.32,600.51
13,22,28.7,186.28,857.16
10,21,24.3,145.81,627.58
15,21,22.2,164.7,859.9
6,20,29.2,123.11,390.34
4,21,27.9,134.03,298.18
6,20,27.2,150.42,576.52
10,23,23.0,97.83,649.88
8,22,25.9,134.81,611.21
4,22,25.1,173.79,410.72
5,20,25.4,135.29,432.32
5,22,27.7,127.91,447.85
13,22,29.1,138.47,736.72
8,21,27.9,172.44,544.62
4,20,27.6,160.83,366.31
6,22,27.3,143.24,488.45
6,23,26.5,150.53,501.75
10,20,24.5,175.71,579.86
10,21,27.1,189.22,664.72
7,23,29.2,135.76,573.4
6,22,26.7,147.53,476.38
9,22,24.2,187.35,671.04
10,20,23.4,165.69,562.94
11,22,24.1,107.91,692.01
8,20,23.6,123.2,455.61
2,22,35.7,124.14,328.24
8,23,24.4,137.53,560.9
1,21,26.9,161.1,131.15
5,23,26.7,206.56,499.0
10,21,31.2,147.51,763.29
10,20,28.3,169.79,607.91
9,22,28.3,184.01,762.83
13,23,27.5,194.6,858.54
7,22,27.8,184.04,594.94
7,20,28.0,127.59,415.58
12,21,25.1,106.48,814.32
2,23,24.2,131.14,204.38
9,21,27.2,155.05,626.16
6,21,25.4,127.71,399.26
10,20,27.6,101.25,604.03
14,21,23.8,113.54,804.06
12,20,22.6,240.2,751.64
5,21,23.2,143.42,332.37
9,21,26.8,204.0,648.63
5,23,22.2,142.96,392.45
7,20,32.8,173.78,583.7
14,22,32.9,145.7,959.35
10,22,29.7,150.22,747.29
12,22,25.9,173.35,815.68
8,23,25.5,137.93,582.44
9,23,27.9,114.18,617.41
5,21,28.8,125.84,331.93
7,21,27.9,125.68,507.2
11,22,23.1,152.51,747.42
8,21,26.4,93.12,470.45
8,21,28.6,159.16,549.92
6,23,19.9,187.99,524.82
9,22,23.7,134.76,666.27
9,20,28.6,130.36,548.32
8,22,26.1,209.02,745.43
8,23,26.1,194.16,646.87
5,22,30.3,162.83,519.69
14,20,26.8,127.57,802.84
10,21,25.6,167.52,672.72
6,22,26.1,119.74,467.83
7,23,26.2,110.31,465.0
11,23,24.5,163.57,818.49
9,22,26.3,135.65,609.89
4,21,23.6,89.3,252.24
9,21,26.0,167.6,556.14
8,23,25.5,193.81,647.68
10,23,27.7,169.79,735.57
9,20,31.5,135.04,574.68
8,21,27.8,85.79,523.42
8,22,27.3,154.39,611.0
13,23,27.7,130.29,821.5
7,23,24.4,122.96,521.16
9,23,29.1,91.6,624.57
9,23,28.2,206.31,696.26
5,21,26.9,117.08,334.32
7,23,28.1,95.35,526.88
12,21,28.0,200.84,706.8
8,20,28.0,150.93,622.53
8,20,30.0,146.28,626.21
9,22,24.7,159.28,563.46
6,23,30.9,163.07,477.85
7,22,22.2,156.4,545.5
4,21,29.0,104.8,335.39
8,22,27.5,102.47,550.0
11,22,24.1,128.13,684.81
9,23,30.1,134.7,602.93
6,21,21.6,139.2,436.23
10,21,31.9,156.86,736.69
6,23,33.8,141.61,561.93
8,21,26.5,129.58,425.32
9,20,23.9,161.84,593.82
6,23,25.3,171.41,518.71
10,23,29.9,125.74,705.12
6,23,26.0,108.96,505.76
6,20,18.2,155.41,412.71
8,21,28.2,137.38,578.19
6,20,29.7,175.08,411.28
8,20,28.5,120.44,468.52
7,20,29.0,113.83,446.38
6,22,31.8,131.0,500.51
4,21,26.4,165.59,408.21
11,21,32.2,139.45,769.58
8,23,26.5,147.34,584.95
3,23,30.4,135.14,403.36
10,22,26.6,180.47,661.33
5,20,33.1,164.49,494.09
8,23,28.9,104.32,594.28
9,21,26.7,177.04,654.9
4,23,23.4,167.71,420.49
10,20,27.6,182.54,669.84
13,22,24.5,134.14,693.18
8,20,28.3,121.83,497.74
11,23,29.0,147.52,806.87
9,22,30.1,154.89,636.88
15,22,28.6,185.56,941.36
5,20,27.2,169.1,410.79
9,23,31.0,154.47,747.98
11,20,31.3,146.17,753.05
9,23,23.8,150.46,705.82
8,23,32.3,138.17,663.47
7,21,30.7,170.37,581.31
5,22,24.4,106.43,357.87
8,23,21.4,150.26,466.27
8,20,30.6,181.32,608.56
8,20,27.6,115.93,521.01
5,21,25.6,208.34,476.19
8,21,27.9,117.68,558.81
9,21,30.6,134.86,646.94
12,22,20.9,180.78,800.45
6,21,27.4,193.56,485.58
8,22,27.2,160.72,632.23
5,21,31.5,159.93,527.27
7,22,29.5,203.64,570.08
14,23,29.5,108.96,871.34
6,21,25.7,98.25,366.88
16,22,29.0,92.27,886.03
12,23,25.5,124.46,857.21
5,21,26.7,128.52,548.81
4,23,28.7,161.42,436.87
5,21,27.3,180.23,420.22
5,20,27.9,177.26,508.19
6,22,30.9,176.38,570.55
10,20,25.9,121.26,568.35
12,22,23.9,161.54,714.2
5,20,24.3,127.99,386.13
9,21,23.6,168.03,609.84
9,20,31.8,151.28,695.36
13,21,29.0,176.55,886.05
7,22,30.2,221.29,558.12
7,21,29.7,149.01,497.27
7,20,26.4,116.9,413.68
6,23,31.9,101.06,520.6
12,22,24.9,123.1,731.59
8,23,33.0,182.01,663.19
7,23,27.4,164.53,549.79
11,23,32.4,156.91,842.89
14,23,23.9,161.44,868.64
5,23,25.7,171.58,420.27
6,20,22.2,103.29,289.28
5,21,30.1,179.59,419.79
7,21,27.8,161.68,580.35
7,23,33.0,106.78,542.51
7,20,25.5,160.06,574.22
9,23,31.0,110.93,690.33
7,23,27.2,165.31,523.82
12,22,26.7,153.6,749.43
7,20,26.1,119.72,351.66
14,23,24.5,162.41,862.58
5,21,28.1,174.27,538.07
5,22,27.6,132.8,504.24
7,23,22.3,173.47,602.01
8,23,19.5,141.64,548.44
6,23,26.1,176.23,502.7
9,20,30.5,147.12,627.45
8,23,27.7,185.19,662.05
5,21,23.1,122.59,348.18
8,22,21.7,123.46,466.25
7,20,30.5,126.36,502.13
16,22,22.0,153.8,865.81
8,21,29.3,145.43,608.86
7,23,28.7,158.6,528.51
6,20,31.9,115.08,489.58
12,23,25.1,128.48,709.9
3,20,29.8,188.12,340.36
5,23,31.2,161.15,514.66
6,21,23.0,168.71,426.65
11,21,27.4,142.34,739.85
6,23,26.9,158.85,528.25
6,21,23.8,135.75,395.6
5,23,27.8,94.49,384.02
6,20,23.5,181.06,396.72
9,21,28.1,155.47,585.59
5,20,33.5,128.04,542.5
8,23,26.4,150.04,562.37
9,20,26.7,136.02,630.57
6,22,31.2,194.95,566.65
8,23,30.8,170.15,636.13
9,21,25.1,115.56,573.63
9,21,29.1,111.5,612.58
4,22,18.1,157.52,209.54
8,23,24.0,154.03,569.22
9,23,30.2,165.54,694.85
9,23,25.5,145.7,614.8
4,23,26.4,130.58,272.31
7,20,24.2,165.29,457.9
8,23,23.7,167.82,662.39
10,20,19.5,187.72,622.82
6,20,25.9,172.03,394.1
6,21,28.4,124.9,498.54
7,23,27.7,157.69,508.2
8,20,24.5,141.43,521.63
9,23,22.7,121.65,598.31
15,22,25.9,96.33,857.5
8,20,23.0,217.43,606.19
5,21,24.7,133.23,411.24
6,23,27.4,146.21,462.08
12,21,24.4,156.59,724.63
10,20,30.9,153.35,638.43
4,20,23.9,74.35,219.43
5,21,25.2,145.03,420.39
14,23,29.5,203.13,967.33
5,20,29.1,143.64,457.1
15,22,28.5,199.05,905.71
7,21,25.1,150.94,505.41
8,20,28.8,139.47,590.66
5,23,29.4,154.33,482.3
6,20,28.3,151.13,386.01
13,23,26.9,150.46,796.9
10,23,28.7,132.54,748.77
5,20,26.8,109.08,328.35
11,22,28.2,166.84,716.61
6,23,27.2,152.85,487.57
10,21,22.5,199.93,641.96
4,23,25.2,149.0,441.0
6,23,33.2,104.58,438.82
9,22,21.2,159.67,608.41
10,23,31.7,152.28,821.43
6,20,28.9,137.07,495.69
6,22,27.1,168.55,612.06
3,23,22.0,164.93,288.67
13,20,27.0,114.09,805.85
10,20,24.8,135.96,602.08
8,23,30.6,182.83,635.99
14,21,25.0,120.61,705.48
7,21,26.2,144.83,474.35
12,23,27.7,156.82,866.09
9,23,25.1,115.38,517.19
12,20,29.9,147.05,871.28
3,23,26.1,146.06,358.46
7,23,21.4,140.3,430.54
7,20,27.5,104.08,469.22
8,23,29.4,149.99,658.55
8,23,31.3,131.44,603.85
9,23,28.7,181.97,660.96
7,20,30.5,162.47,633.28
4,23,28.5,126.69,379.08
9,21,24.1,138.14,564.54
12,23,24.7,153.75,845.73
7,21,20.1,138.09,427.86
9,23,26.3,104.55,645.36
7,20,29.0,158.77,493.01
11,21,22.3,165.79,640.41
8,23,30.9,172.23,675.64
8,23,26.7,178.16,570.4
9,23,24.3,125.15,623.58
3,23,22.3,173.54,275.46
8,20,32.0,115.75,582.31
9,22,30.5,160.71,735.79
6,21,25.8,128.74,331.22
9,23,29.8,162.55,667.35
7,20,26.4,104.76,349.54
8,22,25.2,166.28,560.23
8,20,25.0,126.4,518.33
9,23,26.3,164.49,637.62
9,22,25.8,161.18,519.94
8,21,27.2,161.56,616.03
8,21,31.8,151.43,536.41
8,20,33.8,114.99,622.12
7,21,23.4,194.71,472.35
9,21,28.4,146.1,577.15
6,22,27.6,146.03,483.65
6,21,28.6,191.55,562.46
6,22,25.6,123.33,542.94
7,22,28.6,148.58,524.67
8,22,22.9,155.09,477.58
10,21,37.1,143.05,773.2
9,20,27.9,158.2,538.32
8,20,29.2,132.56,585.14
8,21,23.6,147.95,546.99
3,22,24.9,153.94,380.03
9,21,22.6,191.01,651.43
11,23,31.4,199.69,840.42
12,20,23.7,155.08,712.34
5,22,26.4,185.98,408.75
8,21,26.6,128.25,492.9
11,22,28.4,217.54,796.16
12,23,23.1,142.66,701.49
0,22,29.6,149.02,191.61
7,23,30.7,165.96,576.59
12,20,25.0,175.58,770.29
5,22,26.9,144.86,423.67
7,21,28.9,89.75,530.35
6,22,27.8,169.68,488.32
8,22,24.0,122.7,469.7
12,23,29.1,173.23,867.07
9,23,31.5,172.57,707.23
12,21,31.5,155.78,796.4
8,20,28.7,177.13,557.86
8,20,29.3,135.29,550.64
14,23,25.8,191.24,907.8
9,21,24.2,154.89,612.23
8,22,26.8,144.44,610.49
5,21,33.8,184.24,486.8
1,21,25.4,130.04,278.09
6,21,28.3,86.86,394.0
7,20,28.1,112.57,472.29
8,22,25.9,193.05,522.1
5,21,31.5,157.5,455.28
8,20,31.8,155.1,581.57
5,20,35.0,177.32,489.39
6,23,24.6,158.87,531.99
14,22,28.2,141.74,969.58
5,21,27.3,136.84,457.53
4,22,24.9,114.74,326.06
12,23,25.0,117.99,764.25
6,23,27.5,155.24,585.35
8,21,25.6,145.33,492.2
7,20,24.1,164.64,511.57
3,23,27.4,147.43,307.25
9,20,23.7,118.08,588.43
7,23,25.6,157.37,535.21
7,22,28.1,155.57,501.33
7,21,26.6,150.52,473.47
8,23,26.2,154.72,571.1
9,22,32.4,208.97,779.09
8,23,31.2,114.24,680.45
13,21,27.2,121.28,769.4
9,22,24.0,98.94,515.1
11,20,29.4,152.78,818.03
10,23,34.6,91.92,770.27
6,23,31.1,156.73,507.56
4,22,23.1,148.31,357.62
8,21,26.4,132.78,519.69
10,23,24.8,164.16,625.08
4,22,24.2,158.9,343.83
11,21,30.4,198.15,714.04
11,23,30.3,168.39,774.11
6,22,32.3,148.11,512.41
5,21,29.0,81.56,348.61
12,23,26.9,177.89,866.52
8,23,27.6,178.13,648.36
10,21,24.3,189.71,632.64
6,21,31.1,81.37,462.33
6,22,24.8,156.15,527.98
10,23,25.8,169.76,662.05
5,23,26.1,186.05,404.02
9,22,17.8,168.06,498.09
10,23,29.6,151.82,746.31
13,23,24.2,119.45,871.62
4,23,29.1,146.49,460.27
6,20,25.7,161.66,500.12
9,21,25.6,173.49,505.1
9,20,23.7,102.41,476.95
9,20,31.2,158.86,582.85
6,21,31.8,105.82,500.92
5,20,30.0,157.98,416.41
10,22,27.8,115.58,510.44
11,20,27.4,106.71,697.42
9,22,30.3,204.31,764.45
10,21,26.6,108.54,723.53
5,23,31.0,130.9,482.5
8,21,24.1,149.39,561.58
6,21,29.9,87.53,382.41
9,20,30.9,173.56,565.32
11,21,23.7,128.98,722.41
5,21,24.5,119.39,387.7
11,22,26.9,177.73,813.29
11,23,28.3,109.92,717.85
8,20,25.1,163.43,650.72
5,23,27.3,150.71,468.99
10,23,20.8,151.72,601.71
6,23,29.3,148.31,505.7
7,20,29.4,153.86,437.25
5,21,31.6,81.69,353.86
7,23,28.7,123.77,526.88
10,20,25.9,122.6,684.47
12,21,24.0,183.23,752.86
8,23,24.6,154.76,633.63
6,22,26.7,150.34,472.61
10,20,24.5,205.67,607.83
5,23,24.7,89.27,405.64
2,20,26.9,192.43,230.57
5,22,22.2,150.35,362.08
5,20,24.0,127.34,443.73
12,21,27.7,133.97,783.96
15,23,27.8,135.06,905.02
9,20,29.6,195.0,688.55
7,20,27.5,157.18,453.5
9,23,27.1,170.59,579.7
11,22,28.9,127.74,785.92
6,22,27.6,153.34,503.12
7,23,24.1,177.28,532.8
5,23,24.6,183.78,369.77
11,21,32.0,109.81,712.38
5,20,36.7,174.26,515.53
7,20,29.2,145.62,450.3
9,22,24.0,160.96,610.63
7,21,32.7,134.16,631.81
6,20,25.7,195.77,475.04
10,21,28.3,157.81,708.21
1,23,26.9,132.36,213.28
10,20,27.6,135.33,581.29
8,23,25.7,175.78,579.34
10,22,30.9,171.65,789.0
5,22,26.4,152.42,421.54
9,23,28.8,138.4,648.99
11,22,28.8,178.65,745.38
6,23,26.7,134.21,420.49
4,23,22.5,132.71,409.39
9,23,24.5,225.78,675.4
3,22,29.1,161.36,333.87
1,22,27.9,147.53,241.24
10,22,24.6,136.67,618.41
7,23,27.1,143.69,561.91
10,21,27.6,187.44,662.01
6,22,28.7,174.86,523.55
10,21,32.5,130.53,696.41
5,22,20.2,140.1,446.37
11,20,30.6,110.54,790.27
7,20,27.7,157.9,542.21
9,20,23.9,30.97,459.45
8,21,27.5,103.77,568.11
7,22,31.3,152.77,614.17
4,23,32.2,71.26,365.87
10,21,23.9,218.53,601.7
9,22,24.5,123.4,488.11
8,20,23.1,164.51,506.87
